Species ,Biorep,Subtype,Ci ,A,Pairing,Pressure,Temp,Ci_p,Cm,Qobs,Plant
Acara,1,NADP-ME,3.280737055,1.289526736,a,100.6,30.40935707,3.280737055,3.280737055,1800,1
Acara,1,NADP-ME,6.742545373,3.275281564,a,100.6,30.43784904,6.742545373,6.742545373,1800,1
Acara,1,NADP-ME,11.57911823,5.844885066,a,100.6,30.46740723,11.57911823,11.57911823,1800,1
Acara,1,NADP-ME,16.04053066,8.380327255,a,100.6,30.47960091,16.04053066,16.04053066,1800,1
Acara,1,NADP-ME,20.64420925,10.69465401,a,100.6,30.48854446,20.64420925,20.64420925,1800,1
Acara,1,NADP-ME,24.58252365,12.89616944,a,100.6,30.5327816,24.58252365,24.58252365,1800,1
Acara,1,NADP-ME,33.38212894,17.08683098,a,100.6,30.56488609,33.38212894,33.38212894,1800,1
Acara,1,NADP-ME,41.66654087,20.69487638,a,100.6,30.6111412,41.66654087,41.66654087,1800,1
Acara,1,NADP-ME,49.97670574,23.47073485,a,100.6,30.67834282,49.97670574,49.97670574,1800,1
Acara,1,NADP-ME,66.8325543,29.07914595,a,100.6,30.72311592,66.8325543,66.8325543,1800,1
Acara,1,NADP-ME,87.84839495,34.42215566,a,100.6,30.83279991,87.84839495,87.84839495,1800,1
Acara,1,NADP-ME,136.1271033,41.36257768,a,100.6,30.95717049,136.1271033,136.1271033,1800,1
Acara,1,NADP-ME,196.1950618,44.17219432,a,100.6,31.05979156,196.1950618,196.1950618,1800,1
Acara,1,NADP-ME,233.6145429,47.93855502,a,100.6,31.00693893,233.6145429,233.6145429,1800,1
Acara,1,NADP-ME,417.5922437,49.82424998,a,100.6,30.99768639,417.5922437,417.5922437,1800,1
Acara,1,NADP-ME,784.7477624,51.71605181,a,100.6,30.8828907,784.7477624,784.7477624,1800,1
Acara,1,NADP-ME,1383.033196,53.37624244,a,100.6,30.70788574,1383.033196,1383.033196,1800,1
Acara,2,NADP-ME,10.6333532,1.711035153,a,99.5,30.87834549,10.6333532,10.6333532,1800,2
Acara,2,NADP-ME,15.41958522,4.47240779,a,99.5,30.86917877,15.41958522,15.41958522,1800,2
Acara,2,NADP-ME,20.15392505,7.16550487,a,99.5,30.63631439,20.15392505,20.15392505,1800,2
Acara,2,NADP-ME,24.65567302,9.781954992,a,99.5,30.79574013,24.65567302,24.65567302,1800,2
Acara,2,NADP-ME,28.99785675,12.19814046,a,99.5,30.656847,28.99785675,28.99785675,1800,2
Acara,2,NADP-ME,37.87442849,17.0032396,a,99.5,30.65443611,37.87442849,37.87442849,1800,2
Acara,2,NADP-ME,48.59137781,21.41610287,a,99.5,30.82139015,48.59137781,48.59137781,1800,2
Acara,2,NADP-ME,56.18225459,24.99327433,a,99.5,30.91975975,56.18225459,56.18225459,1800,2
Acara,2,NADP-ME,78.09696326,31.71010705,a,99.5,30.873703,78.09696326,78.09696326,1800,2
Acara,2,NADP-ME,111.8443765,37.68465223,a,99.5,30.77482033,111.8443765,111.8443765,1800,2
Acara,2,NADP-ME,186.105627,43.72311741,a,99.5,30.44773293,186.105627,186.105627,1800,2
Acara,2,NADP-ME,274.203635,45.73171069,a,99.5,30.39789391,274.203635,274.203635,1800,2
Acara,2,NADP-ME,294.4288849,44.65564219,a,99.5,30.91975975,294.4288849,294.4288849,1800,2
Acara,2,NADP-ME,541.6048901,47.07552815,a,99.5,30.873703,541.6048901,541.6048901,1800,2
Acara,2,NADP-ME,924.7505108,47.11535171,a,99.5,30.77482033,924.7505108,924.7505108,1800,2
Acara,2,NADP-ME,1518.5738,47.5475736,a,99.5,30.44773293,1518.5738,1518.5738,1800,2
Acara,3,NADP-ME,4.781705493,0.60475516,a,99.35,31.11733437,4.781705493,4.781705493,1800,3
Acara,3,NADP-ME,8.23242699,2.248975348,a,99.35,31.13726616,8.23242699,8.23242699,1800,3
Acara,3,NADP-ME,13.23420015,4.28390175,a,99.35,31.13515854,13.23420015,13.23420015,1800,3
Acara,3,NADP-ME,17.99308767,6.304039212,a,99.35,31.12473679,17.99308767,17.99308767,1800,3
Acara,3,NADP-ME,22.64512103,8.18938588,a,99.35,31.11278725,22.64512103,22.64512103,1800,3
Acara,3,NADP-ME,25.93843709,10.04197074,a,99.35,31.27444267,25.93843709,25.93843709,1800,3
Acara,3,NADP-ME,35.87799493,13.4598878,a,99.35,31.1282692,35.87799493,35.87799493,1800,3
Acara,3,NADP-ME,42.88320092,16.45490331,a,99.35,31.34387779,42.88320092,42.88320092,1800,3
Acara,3,NADP-ME,53.32836827,18.95726407,a,99.35,31.15696526,53.32836827,53.32836827,1800,3
Acara,3,NADP-ME,70.36885757,23.99101455,a,99.35,31.17733574,70.36885757,70.36885757,1800,3
Acara,3,NADP-ME,93.06112655,29.25340584,a,99.35,31.21280479,93.06112655,93.06112655,1800,3
Acara,3,NADP-ME,145.3917891,36.20540677,a,99.35,31.25086212,145.3917891,145.3917891,1800,3
Acara,3,NADP-ME,209.6306314,39.77220799,a,99.35,31.27750397,209.6306314,209.6306314,1800,3
Acara,3,NADP-ME,258.3718088,42.73545056,a,99.35,31.2633419,258.3718088,258.3718088,1800,3
Acara,3,NADP-ME,445.1760916,44.80361173,a,99.35,31.18610954,445.1760916,445.1760916,1800,3
Acara,3,NADP-ME,829.8130555,46.24567048,a,99.35,31.06240273,829.8130555,829.8130555,1800,3
Acara,3,NADP-ME,1434.46881,47.85014804,a,99.35,30.94491959,1434.46881,1434.46881,1800,3
Acara,4,NADP-ME,5.527048689,0.450867967,a,99.25,31.10066986,5.527048689,5.527048689,1800,4
Acara,4,NADP-ME,9.445359718,1.986836011,a,99.25,31.11996269,9.445359718,9.445359718,1800,4
Acara,4,NADP-ME,14.78571831,4.016143231,a,99.25,31.11578751,14.78571831,14.78571831,1800,4
Acara,4,NADP-ME,19.85622233,6.050173573,a,99.25,31.11257362,19.85622233,19.85622233,1800,4
Acara,4,NADP-ME,25.04891126,7.900417906,a,99.25,31.12736893,25.04891126,25.04891126,1800,4
Acara,4,NADP-ME,29.63168659,9.757605503,a,99.25,31.10925674,29.63168659,29.63168659,1800,4
Acara,4,NADP-ME,39.46887061,13.41771897,a,99.25,31.05459404,39.46887061,39.46887061,1800,4
Acara,4,NADP-ME,49.52810179,16.45332221,a,99.25,31.14808464,49.52810179,49.52810179,1800,4
Acara,4,NADP-ME,59.08704919,19.25130508,a,99.25,31.11774254,59.08704919,59.08704919,1800,4
Acara,4,NADP-ME,78.17300841,24.3489202,a,99.25,31.17332268,78.17300841,78.17300841,1800,4
Acara,4,NADP-ME,104.3009975,29.75329287,a,99.25,31.16038513,104.3009975,104.3009975,1800,4
Acara,4,NADP-ME,161.6240761,36.58429501,a,99.25,31.1673317,161.6240761,161.6240761,1800,4
Acara,4,NADP-ME,235.2737172,39.65480565,a,99.25,31.15931892,235.2737172,235.2737172,1800,4
Acara,4,NADP-ME,283.6213128,40.21142451,a,99.25,31.12450027,283.6213128,283.6213128,1800,4
Acara,4,NADP-ME,502.4746988,42.52362019,a,99.25,31.09557343,502.4746988,502.4746988,1800,4
Acara,4,NADP-ME,898.7615683,42.67023464,a,99.25,30.98116112,898.7615683,898.7615683,1800,4
Acara,4,NADP-ME,1488.972006,43.81099875,a,99.25,30.96172142,1488.972006,1488.972006,1800,4
Acara,5,NADP-ME,4.500669909,0.994516074,a,99.5,30.30915451,4.500669909,4.500669909,1800,5
Acara,5,NADP-ME,8.151034024,2.768678705,a,99.5,30.37618828,8.151034024,8.151034024,1800,5
Acara,5,NADP-ME,13.03165587,5.100990144,a,99.5,30.39360619,13.03165587,13.03165587,1800,5
Acara,5,NADP-ME,18.19170809,7.469637588,a,99.5,30.25403214,18.19170809,18.19170809,1800,5
Acara,5,NADP-ME,23.25708888,9.624138251,a,99.5,30.25139809,23.25708888,23.25708888,1800,5
Acara,5,NADP-ME,27.02966421,11.56314048,a,99.5,30.38369179,27.02966421,27.02966421,1800,5
Acara,5,NADP-ME,36.40653524,15.51645014,a,99.5,30.38757515,36.40653524,36.40653524,1800,5
Acara,5,NADP-ME,45.71887666,19.09004787,a,99.5,30.37843323,45.71887666,45.71887666,1800,5
Acara,5,NADP-ME,56.73992772,22.37768383,a,99.5,30.19402885,56.73992772,56.73992772,1800,5
Acara,5,NADP-ME,76.76721269,28.31190788,a,99.5,30.17296219,76.76721269,76.76721269,1800,5
Acara,5,NADP-ME,102.3321125,34.15695891,a,99.5,30.3603363,102.3321125,102.3321125,1800,5
Acara,5,NADP-ME,175.1737051,40.71012965,a,99.5,30.39541245,175.1737051,175.1737051,1800,5
Acara,5,NADP-ME,271.2653484,43.06898497,a,99.5,30.37546921,271.2653484,271.2653484,1800,5
Acara,5,NADP-ME,281.6880033,42.51175893,a,99.5,30.34362793,281.6880033,281.6880033,1800,5
Acara,5,NADP-ME,536.7672994,44.55416694,a,99.5,30.10557365,536.7672994,536.7672994,1800,5
Acara,5,NADP-ME,921.6208947,44.61657256,a,99.5,30.05173874,921.6208947,921.6208947,1800,5
Acara,5,NADP-ME,1500.753978,45.71924955,a,99.5,30.15436554,1500.753978,1500.753978,1800,5
Ainc,1,NAD-ME,6.237059823,1.005527736,b,100.35,28.34971809,6.237059823,6.237059823,1800,6
Ainc,1,NAD-ME,10.2571892,2.373665259,b,100.35,28.35713196,10.2571892,10.2571892,1800,6
Ainc,1,NAD-ME,12.92224361,3.829139506,b,100.35,28.3609314,12.92224361,12.92224361,1800,6
Ainc,1,NAD-ME,16.99513276,4.888762041,b,100.35,28.37789154,16.99513276,16.99513276,1800,6
Ainc,1,NAD-ME,20.13976328,5.845170164,b,100.35,28.36440277,20.13976328,20.13976328,1800,6
Ainc,1,NAD-ME,27.59953467,8.322480164,b,100.35,28.366436,27.59953467,27.59953467,1800,6
Ainc,1,NAD-ME,35.86833757,10.08507418,b,100.35,28.39632607,35.86833757,35.86833757,1800,6
Ainc,1,NAD-ME,52.51577273,13.49370719,b,100.35,28.39023209,52.51577273,52.51577273,1800,6
Ainc,1,NAD-ME,70.09272398,15.95235873,b,100.35,28.40024567,70.09272398,70.09272398,1800,6
Ainc,1,NAD-ME,112.3882865,20.70579953,b,100.35,28.39709473,112.3882865,112.3882865,1800,6
Ainc,1,NAD-ME,166.2904578,24.02674015,b,100.35,28.40272903,166.2904578,166.2904578,1800,6
Ainc,1,NAD-ME,200.5494918,26.70163003,b,100.35,28.39670563,200.5494918,200.5494918,1800,6
Ainc,1,NAD-ME,409.5228411,29.32069412,b,100.35,28.36914444,409.5228411,409.5228411,1800,6
Ainc,1,NAD-ME,809.1912686,30.06099886,b,100.35,28.33364487,809.1912686,809.1912686,1800,6
Ainc,1,NAD-ME,1219.885195,31.65809231,b,100.35,28.31555367,1219.885195,1219.885195,1800,6
Ainc,2,NAD-ME,5.109477397,0.067076664,b,100.3,28.57092476,5.109477397,5.109477397,1800,7
Ainc,2,NAD-ME,6.625490415,1.229101621,b,100.3,28.57704735,6.625490415,6.625490415,1800,7
Ainc,2,NAD-ME,9.496780314,2.604880017,b,100.3,28.58877563,9.496780314,9.496780314,1800,7
Ainc,2,NAD-ME,11.60914437,4.033512977,b,100.3,28.58176231,11.60914437,11.60914437,1800,7
Ainc,2,NAD-ME,14.4701479,5.197670923,b,100.3,28.58745575,14.4701479,14.4701479,1800,7
Ainc,2,NAD-ME,17.47973529,6.164511599,b,100.3,28.60010147,17.47973529,17.47973529,1800,7
Ainc,2,NAD-ME,23.47884628,8.152394072,b,100.3,28.60527039,23.47884628,23.47884628,1800,7
Ainc,2,NAD-ME,28.04455298,9.896945551,b,100.3,28.62047768,28.04455298,28.04455298,1800,7
Ainc,2,NAD-ME,33.55395103,11.13634473,b,100.3,28.6408062,33.55395103,33.55395103,1800,7
Ainc,2,NAD-ME,43.94872041,13.79907544,b,100.3,28.65855217,43.94872041,43.94872041,1800,7
Ainc,2,NAD-ME,60.47346391,16.71955987,b,100.3,28.67227173,60.47346391,60.47346391,1800,7
Ainc,2,NAD-ME,90.3122363,22.05957016,b,100.3,28.6722126,90.3122363,90.3122363,1800,7
Ainc,2,NAD-ME,141.6646886,25.29289147,b,100.3,28.68333817,141.6646886,141.6646886,1800,7
Ainc,2,NAD-ME,201.472233,29.33145197,b,100.3,29.06270599,201.472233,201.472233,1800,7
Ainc,2,NAD-ME,319.3504878,31.12908048,b,100.3,29.01071167,319.3504878,319.3504878,1800,7
Ainc,2,NAD-ME,696.5481299,32.47189209,b,100.3,28.88670349,696.5481299,696.5481299,1800,7
Ainc,2,NAD-ME,1315.111363,34.62655425,b,100.3,28.47401428,1315.111363,1315.111363,1800,7
Aretro,1,NAD-ME,1.715337937,1.050133115,a,100.5,31.56003571,1.715337937,1.715337937,1800,8
Aretro,1,NAD-ME,3.322373736,2.843321202,a,100.5,31.55921173,3.322373736,3.322373736,1800,8
Aretro,1,NAD-ME,5.913376632,5.061909451,a,100.5,31.5910511,5.913376632,5.913376632,1800,8
Aretro,1,NAD-ME,8.166129823,7.256869341,a,100.5,31.60387993,8.166129823,8.166129823,1800,8
Aretro,1,NAD-ME,10.49535064,9.26683322,a,100.5,31.60399055,10.49535064,10.49535064,1800,8
Aretro,1,NAD-ME,12.60545771,11.05838672,a,100.5,31.5970211,12.60545771,12.60545771,1800,8
Aretro,1,NAD-ME,17.87011167,14.39660034,a,100.5,31.60912514,17.87011167,17.87011167,1800,8
Aretro,1,NAD-ME,22.55202521,17.3400575,a,100.5,31.61930847,22.55202521,22.55202521,1800,8
Aretro,1,NAD-ME,27.84712336,19.38523803,a,100.5,31.64054298,27.84712336,27.84712336,1800,8
Aretro,1,NAD-ME,39.19521282,23.28857862,a,100.5,31.6373806,39.19521282,39.19521282,1800,8
Aretro,1,NAD-ME,56.46189247,26.60690339,a,100.5,31.65304947,56.46189247,56.46189247,1800,8
Aretro,1,NAD-ME,98.23099475,30.94932396,a,100.5,31.68307686,98.23099475,98.23099475,1800,8
Aretro,1,NAD-ME,152.1720658,32.73153741,a,100.5,31.68558121,152.1720658,152.1720658,1800,8
Aretro,1,NAD-ME,164.8153429,38.1298489,a,100.5,31.68548012,164.8153429,164.8153429,1800,8
Aretro,1,NAD-ME,345.9500084,38.0158618,a,100.5,31.65369797,345.9500084,345.9500084,1800,8
Aretro,1,NAD-ME,685.6794537,41.09096553,a,100.5,31.62704086,685.6794537,685.6794537,1800,8
Aretro,1,NAD-ME,1263.435635,43.5570509,a,100.5,31.56297112,1263.435635,1263.435635,1800,8
Aretro,2,NAD-ME,4.11859246,1.086223874,a,99.6,30.54907608,4.11859246,4.11859246,1800,9
Aretro,2,NAD-ME,7.473879553,2.933113022,a,99.6,30.578022,7.473879553,7.473879553,1800,9
Aretro,2,NAD-ME,11.97493082,5.382460325,a,99.6,30.60258293,11.97493082,11.97493082,1800,9
Aretro,2,NAD-ME,16.61886609,7.714145311,a,99.6,30.60066223,16.61886609,16.61886609,1800,9
Aretro,2,NAD-ME,20.96780171,10.02548663,a,99.6,30.60125351,20.96780171,20.96780171,1800,9
Aretro,2,NAD-ME,25.12859085,12.10708646,a,99.6,30.61155128,25.12859085,25.12859085,1800,9
Aretro,2,NAD-ME,34.05094787,16.24688872,a,99.6,30.61110115,34.05094787,34.05094787,1800,9
Aretro,2,NAD-ME,42.725341,19.95175228,a,99.6,30.61322975,42.725341,42.725341,1800,9
Aretro,2,NAD-ME,51.79130029,23.06325225,a,99.6,30.6212616,51.79130029,51.79130029,1800,9
Aretro,2,NAD-ME,70.59072458,29.00931916,a,99.6,30.62124443,70.59072458,70.59072458,1800,9
Aretro,2,NAD-ME,98.04764371,35.09442041,a,99.6,30.64382172,98.04764371,98.04764371,1800,9
Aretro,2,NAD-ME,164.1405599,42.1285071,a,99.6,30.65897369,164.1405599,164.1405599,1800,9
Aretro,2,NAD-ME,247.2390662,44.85427896,a,99.6,30.67628288,247.2390662,247.2390662,1800,9
Aretro,2,NAD-ME,265.3418575,45.1367255,a,99.6,30.67583275,265.3418575,265.3418575,1800,9
Aretro,2,NAD-ME,498.8805802,47.15437903,a,99.6,30.63573074,498.8805802,498.8805802,1800,9
Aretro,2,NAD-ME,871.4069861,48.25522472,a,99.6,30.60276222,871.4069861,871.4069861,1800,9
Aretro,2,NAD-ME,1456.411668,49.27526795,a,99.6,30.56584358,1456.411668,1456.411668,1800,9
Aretro,3,NAD-ME,3.2035107,1.052623357,a,99.6,31.2193737,3.2035107,3.2035107,1800,10
Aretro,3,NAD-ME,5.729103775,2.67352967,a,99.6,31.23842239,5.729103775,5.729103775,1800,10
Aretro,3,NAD-ME,9.470713505,4.699263288,a,99.6,31.24656868,9.470713505,9.470713505,1800,10
Aretro,3,NAD-ME,12.97516951,6.688102405,a,99.6,31.27647018,12.97516951,12.97516951,1800,10
Aretro,3,NAD-ME,16.68468222,8.467548114,a,99.6,31.30959892,16.68468222,16.68468222,1800,10
Aretro,3,NAD-ME,19.64737883,10.24731274,a,99.6,31.33660698,19.64737883,19.64737883,1800,10
Aretro,3,NAD-ME,26.87462794,13.54261762,a,99.6,31.37062836,26.87462794,26.87462794,1800,10
Aretro,3,NAD-ME,33.37454359,16.47644413,a,99.6,31.43112564,33.37454359,33.37454359,1800,10
Aretro,3,NAD-ME,39.66495666,18.86484857,a,99.6,31.48326492,39.66495666,39.66495666,1800,10
Aretro,3,NAD-ME,53.07320608,23.49567261,a,99.6,31.56324387,53.07320608,53.07320608,1800,10
Aretro,3,NAD-ME,71.95194099,28.06672001,a,99.6,31.66480255,71.95194099,71.95194099,1800,10
Aretro,3,NAD-ME,115.2432469,34.63166232,a,99.6,31.75598526,115.2432469,115.2432469,1800,10
Aretro,3,NAD-ME,166.4542089,38.30904537,a,99.6,31.84161186,166.4542089,166.4542089,1800,10
Aretro,3,NAD-ME,196.5988326,42.56336336,a,99.6,31.86457253,196.5988326,196.5988326,1800,10
Aretro,3,NAD-ME,369.5349608,44.36676732,a,99.6,31.8210144,369.5349608,369.5349608,1800,10
Aretro,3,NAD-ME,734.901922,46.48300091,a,99.6,31.69496536,734.901922,734.901922,1800,10
Aretro,3,NAD-ME,1335.614847,47.82757424,a,99.6,31.56361961,1335.614847,1335.614847,1800,10
Aretro,4,NAD-ME,2.930257397,0.795719924,a,101.45,29.30642128,2.930257397,2.930257397,1800,11
Aretro,4,NAD-ME,5.770933969,2.406783334,a,101.45,29.29897881,5.770933969,5.770933969,1800,11
Aretro,4,NAD-ME,9.546197694,4.502955207,a,101.45,29.29723167,9.546197694,9.546197694,1800,11
Aretro,4,NAD-ME,13.50228937,6.411004436,a,101.45,29.293293,13.50228937,13.50228937,1800,11
Aretro,4,NAD-ME,17.16090192,8.239590147,a,101.45,29.28937912,17.16090192,17.16090192,1800,11
Aretro,4,NAD-ME,20.68691988,9.836117323,a,101.45,29.28188515,20.68691988,20.68691988,1800,11
Aretro,4,NAD-ME,28.12175486,12.94331334,a,101.45,29.27443886,28.12175486,28.12175486,1800,11
Aretro,4,NAD-ME,35.30994142,15.52985063,a,101.45,29.26859665,35.30994142,35.30994142,1800,11
Aretro,4,NAD-ME,42.0324065,17.33857526,a,101.45,29.26527405,42.0324065,42.0324065,1800,11
Aretro,4,NAD-ME,55.25817032,20.98294895,a,101.45,29.26036453,55.25817032,55.25817032,1800,11
Aretro,4,NAD-ME,73.04031263,23.8062139,a,101.45,29.25827599,73.04031263,73.04031263,1800,11
Aretro,4,NAD-ME,111.0242412,27.88919619,a,101.45,29.25213051,111.0242412,111.0242412,1800,11
Aretro,4,NAD-ME,144.8042963,28.86756414,a,101.45,29.24912453,144.8042963,144.8042963,1800,11
Aretro,4,NAD-ME,160.2267724,32.32141179,a,101.45,29.23997879,160.2267724,160.2267724,1800,11
Aretro,4,NAD-ME,255.3861431,32.95059207,a,101.45,29.22634125,255.3861431,255.3861431,1800,11
Aretro,4,NAD-ME,521.6363687,36.98766366,a,101.45,29.21424294,521.6363687,521.6363687,1800,11
Aretro,4,NAD-ME,1189.882853,38.65972489,a,101.45,29.20084953,1189.882853,1189.882853,1800,11
Aretro,5,NAD-ME,2.622089206,0.965237608,a,101.48,29.99087334,2.622089206,2.622089206,1800,12
Aretro,5,NAD-ME,5.382800003,2.636967127,a,101.48,30.01344681,5.382800003,5.382800003,1800,12
Aretro,5,NAD-ME,8.904798324,4.859034039,a,101.48,30.01812935,8.904798324,8.904798324,1800,12
Aretro,5,NAD-ME,12.54465065,6.885739457,a,101.48,30.02541161,12.54465065,12.54465065,1800,12
Aretro,5,NAD-ME,16.03066802,8.772892535,a,101.48,30.04728699,16.03066802,16.03066802,1800,12
Aretro,5,NAD-ME,19.37868383,10.3621941,a,101.48,30.07138824,19.37868383,19.37868383,1800,12
Aretro,5,NAD-ME,26.55480489,13.48356916,a,101.48,30.08767891,26.55480489,26.55480489,1800,12
Aretro,5,NAD-ME,33.38031995,16.03251383,a,101.48,30.12014008,33.38031995,33.38031995,1800,12
Aretro,5,NAD-ME,40.18237038,17.71808142,a,101.48,30.18640518,40.18237038,40.18237038,1800,12
Aretro,5,NAD-ME,54.62292417,21.1189925,a,101.48,30.23356628,54.62292417,54.62292417,1800,12
Aretro,5,NAD-ME,74.85756106,23.9996331,a,101.48,30.31565094,74.85756106,74.85756106,1800,12
Aretro,5,NAD-ME,119.0831422,28.23283337,a,101.48,30.40124512,119.0831422,119.0831422,1800,12
Aretro,5,NAD-ME,166.8243992,29.45783432,a,101.48,30.48488045,166.8243992,166.8243992,1800,12
Aretro,5,NAD-ME,196.6496396,35.81323121,a,101.48,30.54462433,196.6496396,196.6496396,1800,12
Aretro,5,NAD-ME,322.1783589,36.09918568,a,101.48,30.52292442,322.1783589,322.1783589,1800,12
Aretro,5,NAD-ME,651.2989503,40.21025847,a,101.48,30.43071747,651.2989503,651.2989503,1800,12
Aretro,5,NAD-ME,1277.389453,41.08757832,a,101.48,30.21835899,1277.389453,1277.389453,1800,12
Aros,1,NAD-ME,10.69021819,1.943483952,c,101.17,30.45856667,10.69021819,10.69021819,1800,13
Aros,1,NAD-ME,15.40586138,5.079150763,c,101.17,30.46326256,15.40586138,15.40586138,1800,13
Aros,1,NAD-ME,19.83941537,8.159823841,c,101.17,30.46574974,19.83941537,19.83941537,1800,13
Aros,1,NAD-ME,24.08158261,11.08538165,c,101.17,30.4737854,24.08158261,24.08158261,1800,13
Aros,1,NAD-ME,28.13898355,13.60784796,c,101.17,30.48038483,28.13898355,28.13898355,1800,13
Aros,1,NAD-ME,37.40878415,18.28403634,c,101.17,30.48466682,37.40878415,37.40878415,1800,13
Aros,1,NAD-ME,46.53532605,22.20224444,c,101.17,30.48705864,46.53532605,46.53532605,1800,13
Aros,1,NAD-ME,55.90035602,25.25451213,c,101.17,30.47593498,55.90035602,55.90035602,1800,13
Aros,1,NAD-ME,80.06707839,30.49232046,c,101.17,30.52308846,80.06707839,80.06707839,1800,13
Aros,1,NAD-ME,119.4277873,34.5209267,c,101.17,30.53490639,119.4277873,119.4277873,1800,13
Aros,1,NAD-ME,212.0470872,37.08708281,c,101.17,30.54573441,212.0470872,212.0470872,1800,13
Aros,1,NAD-ME,304.5862196,38.03327127,c,101.17,30.53546333,304.5862196,304.5862196,1800,13
Aros,1,NAD-ME,315.3316294,37.83298047,c,101.17,30.50819969,315.3316294,315.3316294,1800,13
Aros,1,NAD-ME,579.6821776,38.87536432,c,101.17,30.46998215,579.6821776,579.6821776,1800,13
Aros,1,NAD-ME,948.6444135,39.34876941,c,101.17,30.42692184,948.6444135,948.6444135,1800,13
Aros,1,NAD-ME,1519.660281,40.77783415,c,101.17,30.382164,1519.660281,1519.660281,1800,13
Aros,2,NAD-ME,9.588564619,2.451756281,c,101,31.17985916,9.588564619,9.588564619,1800,14
Aros,2,NAD-ME,14.17344854,5.755447792,c,101,31.19021988,14.17344854,14.17344854,1800,14
Aros,2,NAD-ME,18.89656026,8.640834323,c,101,31.18404579,18.89656026,18.89656026,1800,14
Aros,2,NAD-ME,22.3636708,11.74513949,c,101,31.20528793,22.3636708,22.3636708,1800,14
Aros,2,NAD-ME,27.00002601,13.54713751,c,101,31.18769646,27.00002601,27.00002601,1800,14
Aros,2,NAD-ME,34.52827942,17.85909289,c,101,31.1901722,34.52827942,34.52827942,1800,14
Aros,2,NAD-ME,43.72991084,20.7660884,c,101,31.18559647,43.72991084,43.72991084,1800,14
Aros,2,NAD-ME,51.97494547,22.98719403,c,101,31.19338417,51.97494547,51.97494547,1800,14
Aros,2,NAD-ME,69.06437293,27.53336375,c,101,31.20778084,69.06437293,69.06437293,1800,14
Aros,2,NAD-ME,90.98433766,31.39074769,c,101,31.41884422,90.98433766,90.98433766,1800,14
Aros,2,NAD-ME,145.9817433,37.45334898,c,101,31.20543098,145.9817433,145.9817433,1800,14
Aros,2,NAD-ME,219.5120873,39.61349199,c,101,31.17722321,219.5120873,219.5120873,1800,14
Aros,2,NAD-ME,264.663526,42.32212095,c,101,31.19051743,264.663526,264.663526,1800,14
Aros,2,NAD-ME,445.4966348,43.83110728,c,101,31.19127464,445.4966348,445.4966348,1800,14
Aros,2,NAD-ME,817.2151067,45.36377342,c,101,31.1726017,817.2151067,817.2151067,1800,14
Aros,2,NAD-ME,1406.559997,49.7423843,c,101,31.15777206,1406.559997,1406.559997,1800,14
Aros,3,NAD-ME,3.956778069,0.896607215,c,100.25,29.76631737,3.956778069,3.956778069,1800,15
Aros,3,NAD-ME,7.324791434,3.480327743,c,100.25,29.77949524,7.324791434,7.324791434,1800,15
Aros,3,NAD-ME,11.80667552,6.892001954,c,100.25,29.79824448,11.80667552,11.80667552,1800,15
Aros,3,NAD-ME,15.91116179,10.07859259,c,100.25,29.90356636,15.91116179,15.91116179,1800,15
Aros,3,NAD-ME,20.1412851,13.09796583,c,100.25,29.86053467,20.1412851,20.1412851,1800,15
Aros,3,NAD-ME,23.80627308,15.71398546,c,100.25,29.8752346,23.80627308,23.80627308,1800,15
Aros,3,NAD-ME,32.71573145,20.45237081,c,100.25,29.90742874,32.71573145,32.71573145,1800,15
Aros,3,NAD-ME,41.78234329,24.39459569,c,100.25,29.97033691,41.78234329,41.78234329,1800,15
Aros,3,NAD-ME,51.86820521,27.54208761,c,100.25,29.95852089,51.86820521,51.86820521,1800,15
Aros,3,NAD-ME,75.8863378,32.9719349,c,100.25,29.99150085,75.8863378,75.8863378,1800,15
Aros,3,NAD-ME,114.729054,37.18107957,c,100.25,30.01332855,114.729054,114.729054,1800,15
Aros,3,NAD-ME,203.2723031,40.59145264,c,100.25,30.03342819,203.2723031,203.2723031,1800,15
Aros,3,NAD-ME,281.416845,42.40667816,c,100.25,30.27103996,281.416845,281.416845,1800,15
Aros,3,NAD-ME,298.0319946,41.60145402,c,100.25,30.01889992,298.0319946,298.0319946,1800,15
Aros,3,NAD-ME,563.5368597,42.77840719,c,100.25,29.99310875,563.5368597,563.5368597,1800,15
Aros,3,NAD-ME,927.8485203,43.31088937,c,100.25,29.96762276,927.8485203,927.8485203,1800,15
Aros,3,NAD-ME,1490.511408,45.86797209,c,100.25,29.94933891,1490.511408,1490.511408,1800,15
Aros,4,NAD-ME,4.708244706,0.33100892,c,99.8,30.12089539,4.708244706,4.708244706,1800,16
Aros,4,NAD-ME,8.693731044,1.897008513,c,99.8,30.11947632,8.693731044,8.693731044,1800,16
Aros,4,NAD-ME,13.0391469,4.434914201,c,99.8,30.11400032,13.0391469,13.0391469,1800,16
Aros,4,NAD-ME,17.43748978,6.928402311,c,99.8,30.1141758,17.43748978,17.43748978,1800,16
Aros,4,NAD-ME,21.12711571,9.530974834,c,99.8,30.11249161,21.12711571,21.12711571,1800,16
Aros,4,NAD-ME,23.89167314,12.05197636,c,99.8,30.16115952,23.89167314,23.89167314,1800,16
Aros,4,NAD-ME,31.12490961,16.18472644,c,99.8,30.24610901,31.12490961,31.12490961,1800,16
Aros,4,NAD-ME,37.13782608,19.29693433,c,99.8,30.34630775,37.13782608,37.13782608,1800,16
Aros,4,NAD-ME,42.5069738,20.73458516,c,99.8,30.4842701,42.5069738,42.5069738,1800,16
Aros,4,NAD-ME,55.12584062,23.99888559,c,99.8,30.6164341,55.12584062,55.12584062,1800,16
Aros,4,NAD-ME,72.4350811,26.88605743,c,99.8,30.75214767,72.4350811,72.4350811,1800,16
Aros,4,NAD-ME,109.910314,31.51026943,c,99.8,30.84993362,109.910314,109.910314,1800,16
Aros,4,NAD-ME,152.3096441,33.49032844,c,99.8,30.93991661,152.3096441,152.3096441,1800,16
Aros,4,NAD-ME,229.4629627,37.9522451,c,99.8,30.96034431,229.4629627,229.4629627,1800,16
Aros,4,NAD-ME,337.081722,38.04349889,c,99.8,30.93621254,337.081722,337.081722,1800,16
Aros,4,NAD-ME,711.4351971,39.37105259,c,99.8,30.78722954,711.4351971,711.4351971,1800,16
Aros,4,NAD-ME,1355.132461,41.58998003,c,99.8,30.58499527,1355.132461,1355.132461,1800,16
Aros,5,NAD-ME,4.960357096,0.258544118,c,99.3,30.74994469,4.960357096,4.960357096,1800,17
Aros,5,NAD-ME,8.287453044,2.17364394,c,99.3,30.70795822,8.287453044,8.287453044,1800,17
Aros,5,NAD-ME,12.55893302,4.975970738,c,99.3,30.66112518,12.55893302,12.55893302,1800,17
Aros,5,NAD-ME,15.83104333,8.258927607,c,99.3,30.59177589,15.83104333,15.83104333,1800,17
Aros,5,NAD-ME,20.06748955,11.10956083,c,99.3,30.68684769,20.06748955,20.06748955,1800,17
Aros,5,NAD-ME,23.94107484,13.67339424,c,99.3,30.62926483,23.94107484,23.94107484,1800,17
Aros,5,NAD-ME,31.26862414,18.35506656,c,99.3,30.66409683,31.26862414,31.26862414,1800,17
Aros,5,NAD-ME,38.10174845,21.60536266,c,99.3,30.71200752,38.10174845,38.10174845,1800,17
Aros,5,NAD-ME,44.45525225,23.18937046,c,99.3,30.77573967,44.45525225,44.45525225,1800,17
Aros,5,NAD-ME,57.29547898,26.765392,c,99.3,30.84632492,57.29547898,57.29547898,1800,17
Aros,5,NAD-ME,73.61170566,29.79032715,c,99.3,30.91266251,73.61170566,73.61170566,1800,17
Aros,5,NAD-ME,110.9409819,34.04570485,c,99.3,30.97998619,110.9409819,110.9409819,1800,17
Aros,5,NAD-ME,147.5760049,35.35807676,c,99.3,31.04114723,147.5760049,147.5760049,1800,17
Aros,5,NAD-ME,223.0698764,39.85567754,c,99.3,31.0472393,223.0698764,223.0698764,1800,17
Aros,5,NAD-ME,323.3145183,39.20394567,c,99.3,31.03824234,323.3145183,323.3145183,1800,17
Aros,5,NAD-ME,656.0889303,41.91731625,c,99.3,30.97063065,656.0889303,656.0889303,1800,17
Aros,5,NAD-ME,1291.25625,45.75383275,c,99.3,30.84501457,1291.25625,1291.25625,1800,17
Bcocc,1,NADP-ME,3.570871622,0.660094552,b,100.3,30.70365906,3.570871622,3.570871622,1800,18
Bcocc,1,NADP-ME,7.009739504,2.167404332,b,100.3,30.70775986,7.009739504,7.009739504,1800,18
Bcocc,1,NADP-ME,11.18173169,4.279606697,b,100.3,30.75363541,11.18173169,11.18173169,1800,18
Bcocc,1,NADP-ME,15.61740729,6.238959803,b,100.3,30.80002022,15.61740729,15.61740729,1800,18
Bcocc,1,NADP-ME,19.59777503,8.156995371,b,100.3,30.82198334,19.59777503,19.59777503,1800,18
Bcocc,1,NADP-ME,23.52237752,9.831884835,b,100.3,30.83962631,23.52237752,23.52237752,1800,18
Bcocc,1,NADP-ME,30.65166991,13.04744084,b,100.3,31.10800171,30.65166991,30.65166991,1800,18
Bcocc,1,NADP-ME,40.22640946,15.67841859,b,100.3,30.92608643,40.22640946,40.22640946,1800,18
Bcocc,1,NADP-ME,47.67834951,17.66260242,b,100.3,30.97322273,47.67834951,47.67834951,1800,18
Bcocc,1,NADP-ME,62.74036018,21.48843066,b,100.3,31.03921509,62.74036018,62.74036018,1800,18
Bcocc,1,NADP-ME,83.65711822,24.6241736,b,100.3,31.13284111,83.65711822,83.65711822,1800,18
Bcocc,1,NADP-ME,126.3622945,29.28503158,b,100.3,31.21149063,126.3622945,126.3622945,1800,18
Bcocc,1,NADP-ME,173.424252,31.15227225,b,100.3,31.30297852,173.424252,173.424252,1800,18
Bcocc,1,NADP-ME,234.8552516,35.57164043,b,100.3,31.3038578,234.8552516,234.8552516,1800,18
Bcocc,1,NADP-ME,380.4344353,36.33022235,b,100.3,31.22277641,380.4344353,380.4344353,1800,18
Bcocc,1,NADP-ME,785.7182231,37.55484971,b,100.3,31.09488297,785.7182231,785.7182231,1800,18
Bcocc,1,NADP-ME,1401.203876,39.3911816,b,100.3,31.0165844,1401.203876,1401.203876,1800,18
Bcocc,2,NADP-ME,4.710260313,1.871947513,b,100.2,30.66477203,4.710260313,4.710260313,1800,19
Bcocc,2,NADP-ME,8.75454421,3.811395128,b,100.2,30.63438416,8.75454421,8.75454421,1800,19
Bcocc,2,NADP-ME,12.82729671,5.571397799,b,100.2,30.58645248,12.82729671,12.82729671,1800,19
Bcocc,2,NADP-ME,16.01531264,7.498247608,b,100.2,30.54986572,16.01531264,16.01531264,1800,19
Bcocc,2,NADP-ME,18.81018732,9.335022387,b,100.2,30.51530647,18.81018732,18.81018732,1800,19
Bcocc,2,NADP-ME,27.3440931,13.4306005,b,100.2,30.47104263,27.3440931,27.3440931,1800,19
Bcocc,2,NADP-ME,35.28043772,17.09733547,b,100.2,30.52821541,35.28043772,35.28043772,1800,19
Bcocc,2,NADP-ME,52.75521351,23.43421017,b,100.2,30.51831436,52.75521351,52.75521351,1800,19
Bcocc,2,NADP-ME,69.0766826,27.49384705,b,100.2,30.54749298,69.0766826,69.0766826,1800,19
Bcocc,2,NADP-ME,104.1705761,32.00293982,b,100.2,30.60028076,104.1705761,104.1705761,1800,19
Bcocc,2,NADP-ME,112.9375786,30.96446606,b,100.2,30.79898071,112.9375786,112.9375786,1800,19
Bcocc,2,NADP-ME,124.214607,33.94301959,b,100.2,31.03413391,124.214607,124.214607,1800,19
Bcocc,2,NADP-ME,199.08469,33.32959763,b,100.2,31.15611458,199.08469,199.08469,1800,19
Bcocc,2,NADP-ME,428.6024128,35.49731755,b,100.2,30.94459915,428.6024128,428.6024128,1800,19
Bcocc,2,NADP-ME,971.5844004,38.5744542,b,100.2,30.60006523,971.5844004,971.5844004,1800,19
Bcocc,3,NADP-ME,6.396047893,2.385607496,b,100.7,31.59906578,6.396047893,6.396047893,1800,20
Bcocc,3,NADP-ME,8.650750972,4.512676632,b,100.7,31.38460541,8.650750972,8.650750972,1800,20
Bcocc,3,NADP-ME,11.60155563,6.537166194,b,100.7,31.04938889,11.60155563,11.60155563,1800,20
Bcocc,3,NADP-ME,15.09315502,8.599279827,b,100.7,30.776577,15.09315502,15.09315502,1800,20
Bcocc,3,NADP-ME,18.54627283,10.52146756,b,100.7,30.64129639,18.54627283,18.54627283,1800,20
Bcocc,3,NADP-ME,29.16154838,14.65161514,b,100.7,30.53274536,29.16154838,29.16154838,1800,20
Bcocc,3,NADP-ME,42.05280623,18.3735297,b,100.7,30.53500938,42.05280623,42.05280623,1800,20
Bcocc,3,NADP-ME,73.91063953,23.36185205,b,100.7,30.58129501,73.91063953,73.91063953,1800,20
Bcocc,3,NADP-ME,112.4017741,26.27437678,b,100.7,30.70623016,112.4017741,112.4017741,1800,20
Bcocc,3,NADP-ME,194.3202605,29.02442846,b,100.7,30.74054909,194.3202605,194.3202605,1800,20
Bcocc,3,NADP-ME,225.3381843,34.98292201,b,100.7,30.68042564,225.3381843,225.3381843,1800,20
Bcocc,3,NADP-ME,272.3980022,31.03806037,b,100.7,30.65833855,272.3980022,272.3980022,1800,20
Bcocc,3,NADP-ME,515.8929851,33.77985769,b,100.7,30.76814461,515.8929851,515.8929851,1800,20
Bcocc,3,NADP-ME,807.13337,36.1865462,b,100.7,30.82566833,807.13337,807.13337,1800,20
Bcocc,3,NADP-ME,1046.200679,37.75629909,b,100.7,30.71426201,1046.200679,1046.200679,1800,20
Bcocc,4,NADP-ME,5.243644376,2.549234544,b,101.1,30.9683609,5.243644376,5.243644376,1800,21
Bcocc,4,NADP-ME,8.761503153,4.760187027,b,101.1,30.87685966,8.761503153,8.761503153,1800,21
Bcocc,4,NADP-ME,12.6746369,6.801645813,b,101.1,30.83817673,12.6746369,12.6746369,1800,21
Bcocc,4,NADP-ME,17.40513907,8.826849866,b,101.1,30.47871208,17.40513907,17.40513907,1800,21
Bcocc,4,NADP-ME,22.43348892,10.71276145,b,101.1,30.42953491,22.43348892,22.43348892,1800,21
Bcocc,4,NADP-ME,33.31569089,14.82995179,b,101.1,30.33099937,33.31569089,33.31569089,1800,21
Bcocc,4,NADP-ME,48.3452165,18.7691654,b,101.1,30.21888351,48.3452165,48.3452165,1800,21
Bcocc,4,NADP-ME,78.04099434,24.23666534,b,101.1,30.10860634,78.04099434,78.04099434,1800,21
Bcocc,4,NADP-ME,113.6706138,27.48869587,b,101.1,30.37984085,113.6706138,113.6706138,1800,21
Bcocc,4,NADP-ME,191.7927665,30.38298871,b,101.1,30.19340706,191.7927665,191.7927665,1800,21
Bcocc,4,NADP-ME,217.0374575,35.60375116,b,101.1,30.18892097,217.0374575,217.0374575,1800,21
Bcocc,4,NADP-ME,261.7145555,31.45665232,b,101.1,30.34809685,261.7145555,261.7145555,1800,21
Bcocc,4,NADP-ME,484.6233209,33.86970407,b,101.1,30.33870125,484.6233209,484.6233209,1800,21
Bcocc,4,NADP-ME,778.0826156,35.22437418,b,101.1,30.7702713,778.0826156,778.0826156,1800,21
Bcocc,4,NADP-ME,1057.066987,36.45090879,b,101.1,30.57670593,1057.066987,1057.066987,1800,21
Bcocc ,5,NADP-ME,7.501380724,2.565586565,b,100.9,30.34909248,7.501380724,7.501380724,1800,22
Bcocc ,5,NADP-ME,10.66278386,4.789041978,b,100.9,30.29344177,10.66278386,10.66278386,1800,22
Bcocc ,5,NADP-ME,14.46937272,6.877147877,b,100.9,30.25400162,14.46937272,14.46937272,1800,22
Bcocc ,5,NADP-ME,19.12238653,8.874965006,b,100.9,30.21479988,19.12238653,19.12238653,1800,22
Bcocc ,5,NADP-ME,23.39952691,10.95159146,b,100.9,30.2106514,23.39952691,23.39952691,1800,22
Bcocc ,5,NADP-ME,34.76466309,15.61288146,b,100.9,30.22973442,34.76466309,34.76466309,1800,22
Bcocc ,5,NADP-ME,46.65632384,20.15751943,b,100.9,30.22683907,46.65632384,46.65632384,1800,22
Bcocc ,5,NADP-ME,74.89175367,27.47597998,b,100.9,30.22978973,74.89175367,74.89175367,1800,22
Bcocc ,5,NADP-ME,109.8874089,32.39956306,b,100.9,30.23488617,109.8874089,109.8874089,1800,22
Bcocc ,5,NADP-ME,194.7567651,36.21647296,b,100.9,30.24620628,194.7567651,194.7567651,1800,22
Bcocc ,5,NADP-ME,231.7520317,40.00958132,b,100.9,30.24872398,231.7520317,231.7520317,1800,22
Bcocc ,5,NADP-ME,286.2395954,37.6192083,b,100.9,30.25542068,286.2395954,286.2395954,1800,22
Bcocc ,5,NADP-ME,564.7493428,39.4835232,b,100.9,30.26030922,564.7493428,564.7493428,1800,22
Bcocc ,5,NADP-ME,938.9368066,40.44621668,b,100.9,30.2664032,938.9368066,938.9368066,1800,22
Bcocc ,5,NADP-ME,1302.295078,41.20276832,b,100.9,30.23037148,1302.295078,1302.295078,1800,22
Kscop,1,NADP-ME,5.570664892,0.122620046,c,101.1,30.09466743,5.570664892,5.570664892,1800,23
Kscop,1,NADP-ME,7.496270301,3.051000136,c,101.1,30.05596924,7.496270301,7.496270301,1800,23
Kscop,1,NADP-ME,10.8937322,6.367279531,c,101.1,30.10859489,10.8937322,10.8937322,1800,23
Kscop,1,NADP-ME,13.78910932,9.701708269,c,101.1,30.07009888,13.78910932,13.78910932,1800,23
Kscop,1,NADP-ME,16.62960541,12.76813904,c,101.1,29.96281815,16.62960541,16.62960541,1800,23
Kscop,1,NADP-ME,20.36505591,14.87758737,c,101.1,29.94881821,20.36505591,20.36505591,1800,23
Kscop,1,NADP-ME,27.31322202,19.45018441,c,101.1,29.94656754,27.31322202,27.31322202,1800,23
Kscop,1,NADP-ME,35.19017132,22.42429094,c,101.1,30.02134132,35.19017132,35.19017132,1800,23
Kscop,1,NADP-ME,42.48033631,24.80503248,c,101.1,29.91277885,42.48033631,42.48033631,1800,23
Kscop,1,NADP-ME,63.10937734,27.94624467,c,101.1,30.0258007,63.10937734,63.10937734,1800,23
Kscop,1,NADP-ME,99.20533455,30.63917863,c,101.1,29.9617939,99.20533455,99.20533455,1800,23
Kscop,1,NADP-ME,184.5290434,32.60352971,c,101.1,29.99139023,184.5290434,184.5290434,1800,23
Kscop,1,NADP-ME,279.9982755,32.68154908,c,101.1,29.91667747,279.9982755,279.9982755,1800,23
Kscop,1,NADP-ME,287.9836802,32.58711445,c,101.1,29.94854355,287.9836802,287.9836802,1800,23
Kscop,1,NADP-ME,546.2761125,33.73661216,c,101.1,29.97631454,546.2761125,546.2761125,1800,23
Kscop,1,NADP-ME,900.4446434,36.11102471,c,101.1,29.81548309,900.4446434,900.4446434,1800,23
Kscop,1,NADP-ME,1455.259966,39.83290527,c,101.1,29.82627106,1455.259966,1455.259966,1800,23
Kscop,2,NADP-ME,4.798541913,0.507254274,c,100.9,30.69219017,4.798541913,4.798541913,1800,24
Kscop,2,NADP-ME,7.618464266,3.256792111,c,100.9,30.63071632,7.618464266,7.618464266,1800,24
Kscop,2,NADP-ME,10.47491011,6.933086888,c,100.9,30.91211891,10.47491011,10.47491011,1800,24
Kscop,2,NADP-ME,13.98507786,10.11077109,c,100.9,30.8988018,13.98507786,13.98507786,1800,24
Kscop,2,NADP-ME,18.66436461,12.76802202,c,100.9,30.71952248,18.66436461,18.66436461,1800,24
Kscop,2,NADP-ME,23.50489221,14.75236794,c,100.9,30.62933922,23.50489221,23.50489221,1800,24
Kscop,2,NADP-ME,32.72011077,18.62992059,c,100.9,30.61863327,32.72011077,32.72011077,1800,24
Kscop,2,NADP-ME,42.59549912,21.48906847,c,100.9,30.62807655,42.59549912,42.59549912,1800,24
Kscop,2,NADP-ME,55.03831515,22.59743184,c,100.9,30.62054634,55.03831515,55.03831515,1800,24
Kscop,2,NADP-ME,81.11649088,25.14032878,c,100.9,30.62586975,81.11649088,81.11649088,1800,24
Kscop,2,NADP-ME,118.8979935,27.27548613,c,100.9,30.76816559,118.8979935,118.8979935,1800,24
Kscop,2,NADP-ME,209.2106463,28.81740379,c,100.9,30.59919739,209.2106463,209.2106463,1800,24
Kscop,2,NADP-ME,282.2826478,31.11974251,c,100.9,30.59140396,282.2826478,282.2826478,1800,24
Kscop,2,NADP-ME,309.1654207,29.31857736,c,100.9,30.58111954,309.1654207,309.1654207,1800,24
Kscop,2,NADP-ME,558.3647,31.51177304,c,100.9,30.7914257,558.3647,558.3647,1800,24
Kscop,2,NADP-ME,908.6491277,33.26685513,c,100.9,30.8156929,908.6491277,908.6491277,1800,24
Kscop,2,NADP-ME,1440.676099,39.88417477,c,100.9,30.68344307,1440.676099,1440.676099,1800,24
Kscop,3,NADP-ME,5.252371043,0.268417597,c,100,30.57805443,5.252371043,5.252371043,1800,25
Kscop,3,NADP-ME,9.089849959,2.921112026,c,100,30.37164879,9.089849959,9.089849959,1800,25
Kscop,3,NADP-ME,12.73663713,7.175423076,c,100,30.31042671,12.73663713,12.73663713,1800,25
Kscop,3,NADP-ME,17.62601425,10.26599639,c,100,30.27352715,17.62601425,17.62601425,1800,25
Kscop,3,NADP-ME,21.49522808,13.49723173,c,100,30.23789787,21.49522808,21.49522808,1800,25
Kscop,3,NADP-ME,25.84420392,15.7875562,c,100,30.19906998,25.84420392,25.84420392,1800,25
Kscop,3,NADP-ME,34.06005259,20.76964495,c,100,30.19163704,34.06005259,34.06005259,1800,25
Kscop,3,NADP-ME,42.50587098,24.64634968,c,100,30.21098518,42.50587098,42.50587098,1800,25
Kscop,3,NADP-ME,53.28504838,26.80234202,c,100,30.20569992,53.28504838,53.28504838,1800,25
Kscop,3,NADP-ME,78.76959748,31.49583026,c,100,30.12803268,78.76959748,78.76959748,1800,25
Kscop,3,NADP-ME,127.3348629,33.4788207,c,100,30.0878315,127.3348629,127.3348629,1800,25
Kscop,3,NADP-ME,224.8922075,35.75216927,c,100,29.99576569,224.8922075,224.8922075,1800,25
Kscop,3,NADP-ME,322.348797,35.87800164,c,100,29.91783524,322.348797,322.348797,1800,25
Kscop,3,NADP-ME,334.2455514,35.54051357,c,100,29.90241814,334.2455514,334.2455514,1800,25
Kscop,3,NADP-ME,595.9004711,37.54494202,c,100,29.82387733,595.9004711,595.9004711,1800,25
Kscop,3,NADP-ME,958.6584216,39.72966352,c,100,29.75323486,958.6584216,958.6584216,1800,25
Kscop,3,NADP-ME,1514.237937,45.56790286,c,100,29.72773933,1514.237937,1514.237937,1800,25
Kscop,4,NADP-ME,11.89359473,0.99875033,c,100,31.34695816,11.89359473,11.89359473,1800,26
Kscop,4,NADP-ME,14.23232954,4.666760899,c,100,31.26914215,14.23232954,14.23232954,1800,26
Kscop,4,NADP-ME,17.89583194,7.500537582,c,100,31.24423409,17.89583194,17.89583194,1800,26
Kscop,4,NADP-ME,21.68289644,9.965504331,c,100,31.1476841,21.68289644,21.68289644,1800,26
Kscop,4,NADP-ME,24.61830744,11.91015884,c,100,31.24482918,24.61830744,24.61830744,1800,26
Kscop,4,NADP-ME,33.41813307,16.07291153,c,100,31.18060684,33.41813307,33.41813307,1800,26
Kscop,4,NADP-ME,43.74655422,19.05091573,c,100,31.17050552,43.74655422,43.74655422,1800,26
Kscop,4,NADP-ME,52.69588377,21.80284806,c,100,31.17555237,52.69588377,52.69588377,1800,26
Kscop,4,NADP-ME,79.9143499,24.96535496,c,100,31.13785172,79.9143499,79.9143499,1800,26
Kscop,4,NADP-ME,126.3377268,26.99424157,c,100,31.0945549,126.3377268,126.3377268,1800,26
Kscop,4,NADP-ME,224.7433873,28.78619087,c,100,31.11243248,224.7433873,224.7433873,1800,26
Kscop,4,NADP-ME,317.6868522,29.73103504,c,100,31.05207443,317.6868522,317.6868522,1800,26
Kscop,4,NADP-ME,335.9486623,28.05359328,c,100,31.01268959,335.9486623,335.9486623,1800,26
Kscop,4,NADP-ME,591.4360368,30.58879271,c,100,30.99952316,591.4360368,591.4360368,1800,26
Kscop,4,NADP-ME,948.6285506,33.55101185,c,100,31.0971241,948.6285506,948.6285506,1800,26
Kscop,4,NADP-ME,1486.132028,42.73075546,c,100,31.02000237,1486.132028,1486.132028,1800,26
Kscop,5,NADP-ME,12.1970059,1.014020072,c,99.8,31.46150017,12.1970059,12.1970059,1800,27
Kscop,5,NADP-ME,15.71841261,4.689015322,c,99.8,31.4596405,15.71841261,15.71841261,1800,27
Kscop,5,NADP-ME,20.74908358,7.387831374,c,99.8,31.42738152,20.74908358,20.74908358,1800,27
Kscop,5,NADP-ME,23.77175607,10.50976921,c,99.8,31.40694809,23.77175607,23.77175607,1800,27
Kscop,5,NADP-ME,28.75952464,12.33660935,c,99.8,31.40375328,28.75952464,28.75952464,1800,27
Kscop,5,NADP-ME,38.57262236,16.39117074,c,99.8,31.3606987,38.57262236,38.57262236,1800,27
Kscop,5,NADP-ME,50.23937927,19.1333014,c,99.8,31.4770813,50.23937927,50.23937927,1800,27
Kscop,5,NADP-ME,62.97162982,21.01889904,c,99.8,31.55072021,62.97162982,62.97162982,1800,27
Kscop,5,NADP-ME,94.6106551,24.58053228,c,99.8,31.3034687,94.6106551,94.6106551,1800,27
Kscop,5,NADP-ME,142.788519,27.09124131,c,99.8,31.31531715,142.788519,142.788519,1800,27
Kscop,5,NADP-ME,239.7345255,29.25683832,c,99.8,31.28923225,239.7345255,239.7345255,1800,27
Kscop,5,NADP-ME,334.7677817,31.39174158,c,99.8,31.27860451,334.7677817,334.7677817,1800,27
Kscop,5,NADP-ME,345.7479043,29.99902109,c,99.8,31.33898544,345.7479043,345.7479043,1800,27
Kscop,5,NADP-ME,604.2395022,32.3644677,c,99.8,31.23399734,604.2395022,604.2395022,1800,27
Kscop,5,NADP-ME,961.6198846,36.37142012,c,99.8,31.60278511,961.6198846,961.6198846,1800,27
Kscop,5,NADP-ME,1508.667107,42.28709807,c,99.8,31.3180027,1508.667107,1508.667107,1800,27
Pami,1,NADP-ME,10.40882397,3.13441663,d,100.1,31.85920906,10.40882397,10.40882397,1800,28
Pami,1,NADP-ME,14.72197023,4.885854048,d,100.1,31.84926224,14.72197023,14.72197023,1800,28
Pami,1,NADP-ME,18.76279181,6.535662309,d,100.1,31.85074615,18.76279181,18.76279181,1800,28
Pami,1,NADP-ME,22.34717714,8.235156264,d,100.1,31.86559105,22.34717714,22.34717714,1800,28
Pami,1,NADP-ME,26.7305938,9.510369785,d,100.1,31.87908173,26.7305938,26.7305938,1800,28
Pami,1,NADP-ME,36.36875783,13.08445458,d,100.1,31.90300941,36.36875783,36.36875783,1800,28
Pami,1,NADP-ME,47.75705592,15.72232786,d,100.1,31.93492317,47.75705592,47.75705592,1800,28
Pami,1,NADP-ME,69.22469775,20.86106077,d,100.1,31.97816086,69.22469775,69.22469775,1800,28
Pami,1,NADP-ME,88.44907267,24.66431974,d,100.1,32.03539658,88.44907267,88.44907267,1800,28
Pami,1,NADP-ME,137.6022375,30.15157962,d,100.1,32.1026535,137.6022375,137.6022375,1800,28
Pami,1,NADP-ME,190.1611637,32.68722655,d,100.1,32.1473732,190.1611637,190.1611637,1800,28
Pami,1,NADP-ME,203.8376651,33.9627465,d,100.1,32.14220428,203.8376651,203.8376651,1800,28
Pami,1,NADP-ME,430.9238061,37.71142148,d,100.1,32.09356308,430.9238061,430.9238061,1800,28
Pami,1,NADP-ME,808.6274699,40.13280357,d,100.1,31.96949005,808.6274699,808.6274699,1800,28
Pami,1,NADP-ME,1204.133212,42.36517453,d,100.1,31.89966393,1204.133212,1204.133212,1800,28
Pami,2,NADP-ME,11.25533118,4.573111111,d,100.1,31.27022362,11.25533118,11.25533118,1800,29
Pami,2,NADP-ME,12.99911039,1.718925642,d,100.1,31.2865715,12.99911039,12.99911039,1800,29
Pami,2,NADP-ME,13.59731533,6.789201394,d,100.1,31.29714775,13.59731533,13.59731533,1800,29
Pami,2,NADP-ME,15.92261292,9.278151614,d,100.1,31.28786278,15.92261292,15.92261292,1800,29
Pami,2,NADP-ME,19.80890129,11.25932028,d,100.1,31.28535461,19.80890129,19.80890129,1800,29
Pami,2,NADP-ME,29.54132996,15.67607685,d,100.1,31.28885269,29.54132996,29.54132996,1800,29
Pami,2,NADP-ME,40.26246806,19.64678014,d,100.1,31.33164406,40.26246806,40.26246806,1800,29
Pami,2,NADP-ME,66.87820885,25.43069694,d,100.1,31.36818504,66.87820885,66.87820885,1800,29
Pami,2,NADP-ME,94.62789352,30.23007871,d,100.1,31.39523506,94.62789352,94.62789352,1800,29
Pami,2,NADP-ME,150.5175357,36.02386278,d,100.1,31.41232872,150.5175357,150.5175357,1800,29
Pami,2,NADP-ME,156.9223997,35.40191013,d,100.1,31.45719528,156.9223997,156.9223997,1800,29
Pami,2,NADP-ME,215.8797663,37.67451096,d,100.1,31.46392822,215.8797663,215.8797663,1800,29
Pami,2,NADP-ME,422.3889024,40.76548157,d,100.1,31.50440025,422.3889024,422.3889024,1800,29
Pami,2,NADP-ME,671.5105071,42.24555023,d,100.1,31.52783394,671.5105071,671.5105071,1800,29
Pami,2,NADP-ME,896.5100526,43.06436223,d,100.1,31.57824707,896.5100526,896.5100526,1800,29
Pami,3,NADP-ME,11.18082433,1.309812825,d,100.15,30.32620811,11.18082433,11.18082433,1800,30
Pami,3,NADP-ME,16.17834534,3.713705435,d,100.15,30.36768341,16.17834534,16.17834534,1800,30
Pami,3,NADP-ME,21.60623272,5.88723536,d,100.15,30.38195038,21.60623272,21.60623272,1800,30
Pami,3,NADP-ME,27.56732781,7.796320227,d,100.15,30.44421387,27.56732781,27.56732781,1800,30
Pami,3,NADP-ME,32.44373558,9.752119896,d,100.15,30.49446678,32.44373558,32.44373558,1800,30
Pami,3,NADP-ME,43.84751581,13.35309142,d,100.15,30.81524849,43.84751581,43.84751581,1800,30
Pami,3,NADP-ME,53.57684095,16.88668845,d,100.15,30.55023384,53.57684095,53.57684095,1800,30
Pami,3,NADP-ME,64.70989032,19.39328578,d,100.15,30.48818398,64.70989032,64.70989032,1800,30
Pami,3,NADP-ME,85.12166541,24.62228415,d,100.15,30.52834702,85.12166541,85.12166541,1800,30
Pami,3,NADP-ME,111.8629253,31.02939718,d,100.15,30.489748,111.8629253,111.8629253,1800,30
Pami,3,NADP-ME,168.826638,40.72469176,d,100.15,30.5243454,168.826638,168.826638,1800,30
Pami,3,NADP-ME,262.2528512,45.96470146,d,100.15,30.56725693,262.2528512,262.2528512,1800,30
Pami,3,NADP-ME,271.8907405,48.50528649,d,100.15,30.58529091,271.8907405,271.8907405,1800,30
Pami,3,NADP-ME,529.48776,50.06357284,d,100.15,30.61839104,529.48776,529.48776,1800,30
Pami,3,NADP-ME,918.6407211,52.50502035,d,100.15,30.64313698,918.6407211,918.6407211,1800,30
Pami,3,NADP-ME,1512.310502,58.99757911,d,100.15,30.69803619,1512.310502,1512.310502,1800,30
Pami,4,NADP-ME,11.75282243,4.777386346,d,101.3,30.31088638,11.75282243,11.75282243,1800,31
Pami,4,NADP-ME,11.9291853,2.008366978,d,101.3,30.37459373,11.9291853,11.9291853,1800,31
Pami,4,NADP-ME,15.95181623,6.813888373,d,101.3,30.36630821,15.95181623,15.95181623,1800,31
Pami,4,NADP-ME,20.83670917,8.677303884,d,101.3,30.40733719,20.83670917,20.83670917,1800,31
Pami,4,NADP-ME,24.65878534,10.68727995,d,101.3,30.43061829,24.65878534,24.65878534,1800,31
Pami,4,NADP-ME,35.79019044,14.72787799,d,101.3,30.45698166,35.79019044,35.79019044,1800,31
Pami,4,NADP-ME,46.86457162,18.510795,d,101.3,30.49736786,46.86457162,46.86457162,1800,31
Pami,4,NADP-ME,72.41949938,24.76603198,d,101.3,30.51806641,72.41949938,72.41949938,1800,31
Pami,4,NADP-ME,98.733827,30.06412865,d,101.3,30.54767799,98.733827,98.733827,1800,31
Pami,4,NADP-ME,165.7072627,36.45594518,d,101.3,30.57031441,165.7072627,165.7072627,1800,31
Pami,4,NADP-ME,190.6197665,40.20620137,d,101.3,30.59831429,190.6197665,190.6197665,1800,31
Pami,4,NADP-ME,237.352151,39.91596031,d,101.3,30.63348198,237.352151,237.352151,1800,31
Pami,4,NADP-ME,490.3309712,42.67782383,d,101.3,30.64679718,490.3309712,490.3309712,1800,31
Pami,4,NADP-ME,829.5165751,44.27089528,d,101.3,30.66710854,829.5165751,829.5165751,1800,31
Pami,4,NADP-ME,1156.127247,45.56654516,d,101.3,30.70208359,1156.127247,1156.127247,1800,31
Pami,5,NADP-ME,7.274020062,4.987417832,d,101.4,31.46378899,7.274020062,7.274020062,1800,32
Pami,5,NADP-ME,10.56996875,7.45863306,d,101.4,31.45819092,10.56996875,10.56996875,1800,32
Pami,5,NADP-ME,13.91454203,9.843571141,d,101.4,31.42632675,13.91454203,13.91454203,1800,32
Pami,5,NADP-ME,17.36612255,12.11805667,d,101.4,31.38538742,17.36612255,17.36612255,1800,32
Pami,5,NADP-ME,20.99003301,14.05413316,d,101.4,31.34896088,20.99003301,20.99003301,1800,32
Pami,5,NADP-ME,29.6594607,19.03057791,d,101.4,31.32697105,29.6594607,29.6594607,1800,32
Pami,5,NADP-ME,37.81702538,23.11467729,d,101.4,31.29970169,37.81702538,37.81702538,1800,32
Pami,5,NADP-ME,59.36492525,29.30353349,d,101.4,31.29278564,59.36492525,59.36492525,1800,32
Pami,5,NADP-ME,79.99099321,32.36663321,d,101.4,31.3082695,79.99099321,79.99099321,1800,32
Pami,5,NADP-ME,129.761979,36.10753318,d,101.4,31.30121422,129.761979,129.761979,1800,32
Pami,5,NADP-ME,141.4130806,35.82516817,d,101.4,31.33522987,141.4130806,141.4130806,1800,32
Pami,5,NADP-ME,158.685161,38.203659,d,101.4,31.3459034,158.685161,158.685161,1800,32
Pami,5,NADP-ME,263.2832205,37.40651371,d,101.4,31.32900429,263.2832205,263.2832205,1800,32
Pami,5,NADP-ME,547.4809184,40.82096835,d,101.4,31.22682953,547.4809184,547.4809184,1800,32
Pami,5,NADP-ME,1037.633594,44.46766046,d,101.4,31.19690895,1037.633594,1037.633594,1800,32
Pcap,1,NAD-ME,3.303523953,0.692571917,e,99.3,30.70967674,3.303523953,3.303523953,1800,33
Pcap,1,NAD-ME,6.711349944,2.193584349,e,99.3,30.76062012,6.711349944,6.711349944,1800,33
Pcap,1,NAD-ME,10.24235047,4.486885618,e,99.3,30.83006096,10.24235047,10.24235047,1800,33
Pcap,1,NAD-ME,14.35477362,6.544914775,e,99.3,30.89128304,14.35477362,14.35477362,1800,33
Pcap,1,NAD-ME,17.91461414,8.766258818,e,99.3,30.92362404,17.91461414,17.91461414,1800,33
Pcap,1,NAD-ME,21.294356,10.79246184,e,99.3,30.90679169,21.294356,21.294356,1800,33
Pcap,1,NAD-ME,27.92387396,14.89441055,e,99.3,30.88977432,27.92387396,27.92387396,1800,33
Pcap,1,NAD-ME,34.88131134,18.47831937,e,99.3,30.81574821,34.88131134,34.88131134,1800,33
Pcap,1,NAD-ME,40.93093704,21.61195697,e,99.3,30.75123978,40.93093704,40.93093704,1800,33
Pcap,1,NAD-ME,54.9281378,27.37583813,e,99.3,30.75656509,54.9281378,54.9281378,1800,33
Pcap,1,NAD-ME,74.93045265,33.57556229,e,99.3,30.71990776,74.93045265,74.93045265,1800,33
Pcap,1,NAD-ME,129.1933561,41.72045619,e,99.3,30.72850418,129.1933561,129.1933561,1800,33
Pcap,1,NAD-ME,218.9694375,43.6397459,e,99.3,30.73401451,218.9694375,218.9694375,1800,33
Pcap,1,NAD-ME,219.1446011,44.41176805,e,99.3,30.79220963,219.1446011,219.1446011,1800,33
Pcap,1,NAD-ME,480.2720447,44.68020694,e,99.3,30.78714943,480.2720447,480.2720447,1800,33
Pcap,1,NAD-ME,850.1246765,45.35839273,e,99.3,30.74897194,850.1246765,850.1246765,1800,33
Pcap,1,NAD-ME,1420.263213,47.13155079,e,99.3,30.81095123,1420.263213,1420.263213,1800,33
Pcap,2,NAD-ME,2.380525209,1.069640825,e,99.5,30.9396286,2.380525209,2.380525209,1800,34
Pcap,2,NAD-ME,5.228985336,2.787596601,e,99.5,30.92346191,5.228985336,5.228985336,1800,34
Pcap,2,NAD-ME,8.611553262,5.265317246,e,99.5,30.91295624,8.611553262,8.611553262,1800,34
Pcap,2,NAD-ME,11.90126361,7.753640184,e,99.5,30.90528297,11.90126361,11.90126361,1800,34
Pcap,2,NAD-ME,14.66041986,10.30774578,e,99.5,30.90756989,14.66041986,14.66041986,1800,34
Pcap,2,NAD-ME,17.07800067,12.80640526,e,99.5,30.89363861,17.07800067,17.07800067,1800,34
Pcap,2,NAD-ME,22.42985498,17.60760355,e,99.5,30.90016937,22.42985498,22.42985498,1800,34
Pcap,2,NAD-ME,27.26206077,21.97052991,e,99.5,30.92638397,27.26206077,27.26206077,1800,34
Pcap,2,NAD-ME,33.2270483,25.16476713,e,99.5,30.94466591,33.2270483,33.2270483,1800,34
Pcap,2,NAD-ME,44.84452485,31.38566368,e,99.5,30.97921371,44.84452485,44.84452485,1800,34
Pcap,2,NAD-ME,61.68970274,37.89653342,e,99.5,31.02446747,61.68970274,61.68970274,1800,34
Pcap,2,NAD-ME,106.4074203,46.00257078,e,99.5,31.06374931,106.4074203,106.4074203,1800,34
Pcap,2,NAD-ME,168.6366296,48.48314036,e,99.5,31.0761776,168.6366296,168.6366296,1800,34
Pcap,2,NAD-ME,179.6617839,48.97908387,e,99.5,31.15683937,179.6617839,179.6617839,1800,34
Pcap,2,NAD-ME,374.8092013,50.29880937,e,99.5,31.14303017,374.8092013,374.8092013,1800,34
Pcap,2,NAD-ME,722.6700374,51.00480079,e,99.5,31.0896225,722.6700374,722.6700374,1800,34
Pcap,2,NAD-ME,1311.288798,52.2820271,e,99.5,30.9980011,1311.288798,1311.288798,1800,34
Pcap,3,NAD-ME,2.779353064,1.039903107,e,100.6,30.16709137,2.779353064,2.779353064,1800,35
Pcap,3,NAD-ME,5.170225818,3.23230053,e,100.6,30.09301376,5.170225818,5.170225818,1800,35
Pcap,3,NAD-ME,8.613262259,6.059359618,e,100.6,30.09210777,8.613262259,8.613262259,1800,35
Pcap,3,NAD-ME,11.71306037,8.950716222,e,100.6,30.1116066,11.71306037,11.71306037,1800,35
Pcap,3,NAD-ME,15.65824322,11.99625082,e,100.6,29.85734367,15.65824322,15.65824322,1800,35
Pcap,3,NAD-ME,16.99336082,14.68881778,e,100.6,30.08066559,16.99336082,16.99336082,1800,35
Pcap,3,NAD-ME,22.84095451,20.10063982,e,100.6,30.07780838,22.84095451,22.84095451,1800,35
Pcap,3,NAD-ME,29.22504721,24.97932186,e,100.6,30.0524559,29.22504721,29.22504721,1800,35
Pcap,3,NAD-ME,35.01685681,29.18094852,e,100.6,30.069767,35.01685681,35.01685681,1800,35
Pcap,3,NAD-ME,48.28282353,37.40733898,e,100.6,29.99768257,48.28282353,48.28282353,1800,35
Pcap,3,NAD-ME,73.36564448,45.48407049,e,100.6,29.89089775,73.36564448,73.36564448,1800,35
Pcap,3,NAD-ME,134.7446799,51.61758368,e,100.6,30.10849953,134.7446799,134.7446799,1800,35
Pcap,3,NAD-ME,209.4562914,52.95873376,e,100.6,30.10926437,209.4562914,209.4562914,1800,35
Pcap,3,NAD-ME,229.2187327,52.77585932,e,100.6,30.08916664,229.2187327,229.2187327,1800,35
Pcap,3,NAD-ME,485.7856334,53.79809456,e,100.6,30.07484055,485.7856334,485.7856334,1800,35
Pcap,3,NAD-ME,848.804597,54.10205612,e,100.6,29.98187637,848.804597,848.804597,1800,35
Pcap,3,NAD-ME,1415.618411,55.25476061,e,100.6,29.97068024,1415.618411,1415.618411,1800,35
Pcap,4,NAD-ME,4.343260673,3.050134384,e,100.35,30.40150261,4.343260673,4.343260673,1800,36
Pcap,4,NAD-ME,6.500210567,4.637040791,e,100.35,30.40970612,6.500210567,6.500210567,1800,36
Pcap,4,NAD-ME,9.328747539,6.962844639,e,100.35,30.40166664,9.328747539,9.328747539,1800,36
Pcap,4,NAD-ME,11.50190986,9.286241145,e,100.35,30.39992332,11.50190986,11.50190986,1800,36
Pcap,4,NAD-ME,14.20353603,11.60024022,e,100.35,30.41224289,14.20353603,14.20353603,1800,36
Pcap,4,NAD-ME,16.52882281,13.85810906,e,100.35,30.41835785,16.52882281,16.52882281,1800,36
Pcap,4,NAD-ME,21.49210624,18.36988601,e,100.35,30.43174362,21.49210624,21.49210624,1800,36
Pcap,4,NAD-ME,26.44943752,22.50432126,e,100.35,30.44735527,26.44943752,26.44943752,1800,36
Pcap,4,NAD-ME,32.08437344,25.913543,e,100.35,30.47748566,32.08437344,32.08437344,1800,36
Pcap,4,NAD-ME,43.55407508,32.49409762,e,100.35,30.47142029,43.55407508,43.55407508,1800,36
Pcap,4,NAD-ME,59.26164077,39.15052529,e,100.35,30.57322502,59.26164077,59.26164077,1800,36
Pcap,4,NAD-ME,103.3199272,47.78978996,e,100.35,30.63221359,103.3199272,103.3199272,1800,36
Pcap,4,NAD-ME,173.0584705,50.14910453,e,100.35,30.69301796,173.0584705,173.0584705,1800,36
Pcap,4,NAD-ME,189.9105156,50.48636765,e,100.35,30.7219944,189.9105156,189.9105156,1800,36
Pcap,4,NAD-ME,415.236306,51.36078225,e,100.35,30.70171928,415.236306,415.236306,1800,36
Pcap,4,NAD-ME,779.5898964,51.9784593,e,100.35,30.64974213,779.5898964,779.5898964,1800,36
Pcap,4,NAD-ME,1357.012497,52.7206312,e,100.35,30.55996704,1357.012497,1357.012497,1800,36
Pcap,5,NAD-ME,4.266588579,0.51298598,e,101.4,30.46855354,4.266588579,4.266588579,1800,37
Pcap,5,NAD-ME,7.027932955,2.450217587,e,101.4,30.47229958,7.027932955,7.027932955,1800,37
Pcap,5,NAD-ME,9.953919129,5.345020051,e,101.4,30.46591568,9.953919129,9.953919129,1800,37
Pcap,5,NAD-ME,12.68116988,8.258297832,e,101.4,30.47167587,12.68116988,12.68116988,1800,37
Pcap,5,NAD-ME,15.10777212,11.18024722,e,101.4,30.47877121,15.10777212,15.10777212,1800,37
Pcap,5,NAD-ME,16.15108309,14.38039367,e,101.4,30.48691177,16.15108309,16.15108309,1800,37
Pcap,5,NAD-ME,19.95929025,20.15141322,e,101.4,30.4979229,19.95929025,19.95929025,1800,37
Pcap,5,NAD-ME,24.94761068,24.76997573,e,101.4,30.52105904,24.94761068,24.94761068,1800,37
Pcap,5,NAD-ME,29.87303383,28.56019288,e,101.4,30.48675728,29.87303383,29.87303383,1800,37
Pcap,5,NAD-ME,39.99833243,34.13952102,e,101.4,30.62705994,39.99833243,39.99833243,1800,37
Pcap,5,NAD-ME,56.95212237,39.85311248,e,101.4,30.67887878,56.95212237,56.95212237,1800,37
Pcap,5,NAD-ME,111.4005831,46.95797328,e,101.4,30.44813156,111.4005831,111.4005831,1800,37
Pcap,5,NAD-ME,156.0782012,48.35648026,e,101.4,30.45915413,156.0782012,156.0782012,1800,37
Pcap,5,NAD-ME,170.9331026,48.53506043,e,101.4,30.7752018,170.9331026,170.9331026,1800,37
Pcap,5,NAD-ME,354.8735136,49.71302425,e,101.4,30.89726448,354.8735136,354.8735136,1800,37
Pcap,5,NAD-ME,669.1530219,50.73143921,e,101.4,30.87608528,669.1530219,669.1530219,1800,37
Pcap,5,NAD-ME,1211.795433,52.59202815,e,101.4,30.74311256,1211.795433,1211.795433,1800,37
Pole,1,NAD-ME,4.568484499,0.632277965,d,100.1,30.8833065,4.568484499,4.568484499,1800,38
Pole,1,NAD-ME,7.654151988,2.969850926,d,100.1,30.87368965,7.654151988,7.654151988,1800,38
Pole,1,NAD-ME,12.89908929,5.627950403,d,100.1,30.87019348,12.89908929,12.89908929,1800,38
Pole,1,NAD-ME,17.48415944,8.41750792,d,100.1,30.86057854,17.48415944,17.48415944,1800,38
Pole,1,NAD-ME,21.84149037,11.08167469,d,100.1,30.86553574,21.84149037,21.84149037,1800,38
Pole,1,NAD-ME,27.20962115,12.99148099,d,100.1,30.86219978,27.20962115,27.20962115,1800,38
Pole,1,NAD-ME,36.70563024,17.11054178,d,100.1,30.86621284,36.70563024,36.70563024,1800,38
Pole,1,NAD-ME,45.92823429,20.40477562,d,100.1,30.86463928,45.92823429,45.92823429,1800,38
Pole,1,NAD-ME,54.80468779,22.39827443,d,100.1,30.86972809,54.80468779,54.80468779,1800,38
Pole,1,NAD-ME,73.1544031,25.86459516,d,100.1,30.88752174,73.1544031,73.1544031,1800,38
Pole,1,NAD-ME,97.08597912,26.87212498,d,100.1,30.90167809,97.08597912,97.08597912,1800,38
Pole,1,NAD-ME,140.2702329,26.75291814,d,100.1,30.9288311,140.2702329,140.2702329,1800,38
Pole,1,NAD-ME,169.2658132,23.8784879,d,100.1,30.95769501,169.2658132,169.2658132,1800,38
Pole,1,NAD-ME,220.3328193,40.69814627,d,100.1,30.96648598,220.3328193,220.3328193,1800,38
Pole,1,NAD-ME,298.0489574,33.17286245,d,100.1,30.93383408,298.0489574,298.0489574,1800,38
Pole,1,NAD-ME,690.0325379,41.98445012,d,100.1,30.88622856,690.0325379,690.0325379,1800,38
Pole,1,NAD-ME,1374.185446,48.70722468,d,100.1,30.8360672,1374.185446,1374.185446,1800,38
Pole,2,NAD-ME,4.954677391,0.257618241,d,100,30.98873329,4.954677391,4.954677391,1800,39
Pole,2,NAD-ME,8.953922999,1.797531064,d,100,31.01296425,8.953922999,8.953922999,1800,39
Pole,2,NAD-ME,15.30281244,3.405897009,d,100,31.02229118,15.30281244,15.30281244,1800,39
Pole,2,NAD-ME,20.19221571,5.334452818,d,100,31.01400566,20.19221571,20.19221571,1800,39
Pole,2,NAD-ME,25.39149681,6.936933335,d,100,31.01538086,25.39149681,25.39149681,1800,39
Pole,2,NAD-ME,30.75713251,8.06490026,d,100,31.01516724,30.75713251,30.75713251,1800,39
Pole,2,NAD-ME,40.93250756,10.5718711,d,100,31.02785301,40.93250756,40.93250756,1800,39
Pole,2,NAD-ME,51.15276473,12.0899457,d,100,31.05990982,51.15276473,51.15276473,1800,39
Pole,2,NAD-ME,60.84826578,12.87820992,d,100,31.07531357,60.84826578,60.84826578,1800,39
Pole,2,NAD-ME,80.25985943,14.91856843,d,100,31.14019585,80.25985943,80.25985943,1800,39
Pole,2,NAD-ME,165.7023646,25.59336556,d,100,31.13706589,165.7023646,165.7023646,1800,39
Pole,2,NAD-ME,260.9244596,31.69076169,d,100,31.11125183,260.9244596,260.9244596,1800,39
Pole,2,NAD-ME,311.8055647,34.94394259,d,100,31.06665039,311.8055647,311.8055647,1800,39
Pole,2,NAD-ME,547.7030397,35.50880106,d,100,31.00127602,547.7030397,547.7030397,1800,39
Pole,2,NAD-ME,951.9986598,36.79147204,d,100,30.94073677,951.9986598,951.9986598,1800,39
Pole,2,NAD-ME,1552.954927,40.86438304,d,100,30.87045288,1552.954927,1552.954927,1800,39
Pole,3,NAD-ME,9.452294113,4.292412955,d,101.5,30.31199455,9.452294113,9.452294113,1800,40
Pole,3,NAD-ME,13.44225755,6.851595467,d,101.5,30.26243782,13.44225755,13.44225755,1800,40
Pole,3,NAD-ME,17.14864203,9.627630544,d,101.5,30.22494316,17.14864203,17.14864203,1800,40
Pole,3,NAD-ME,20.80309671,12.67778347,d,101.5,30.21350479,20.80309671,20.80309671,1800,40
Pole,3,NAD-ME,24.03086278,15.53701932,d,101.5,30.22684097,24.03086278,24.03086278,1800,40
Pole,3,NAD-ME,31.86114862,22.092751,d,101.5,30.26243401,31.86114862,31.86114862,1800,40
Pole,3,NAD-ME,39.01764162,27.79343102,d,101.5,30.33291054,39.01764162,39.01764162,1800,40
Pole,3,NAD-ME,58.16169931,36.40777754,d,101.5,30.42601395,58.16169931,58.16169931,1800,40
Pole,3,NAD-ME,78.54503615,41.04598063,d,101.5,30.57042503,78.54503615,78.54503615,1800,40
Pole,3,NAD-ME,144.0628881,45.07333252,d,101.5,30.68640709,144.0628881,144.0628881,1800,40
Pole,3,NAD-ME,171.0270295,46.45624423,d,101.5,30.89180374,171.0270295,171.0270295,1800,40
Pole,3,NAD-ME,182.6172992,46.12806241,d,101.5,31.41804695,182.6172992,182.6172992,1800,40
Pole,3,NAD-ME,189.970422,44.913376,d,101.5,31.64539909,189.970422,189.970422,1800,40
Pole,3,NAD-ME,280.5509934,38.26944892,d,101.5,31.42127037,280.5509934,280.5509934,1800,40
Pole,3,NAD-ME,957.7319686,50.2443924,d,101.5,30.98661423,957.7319686,957.7319686,1800,40
Pole,4,NAD-ME,6.013369667,0.205335769,d,100.7,31.12785339,6.013369667,6.013369667,1800,41
Pole,4,NAD-ME,9.490182158,2.07580124,d,100.7,31.12018967,9.490182158,9.490182158,1800,41
Pole,4,NAD-ME,14.28830123,4.528421801,d,100.7,31.12942886,14.28830123,14.28830123,1800,41
Pole,4,NAD-ME,19.50816577,6.720276501,d,100.7,31.13901711,19.50816577,19.50816577,1800,41
Pole,4,NAD-ME,24.03345318,8.895601237,d,100.7,31.15953064,24.03345318,24.03345318,1800,41
Pole,4,NAD-ME,27.83980243,10.87236897,d,100.7,31.19306183,27.83980243,27.83980243,1800,41
Pole,4,NAD-ME,37.6993652,14.33170263,d,100.7,31.23339462,37.6993652,37.6993652,1800,41
Pole,4,NAD-ME,46.26236217,17.06258521,d,100.7,31.26657486,46.26236217,46.26236217,1800,41
Pole,4,NAD-ME,53.19809433,18.88167839,d,100.7,31.32162285,53.19809433,53.19809433,1800,41
Pole,4,NAD-ME,67.52688735,22.39663876,d,100.7,31.43555069,67.52688735,67.52688735,1800,41
Pole,4,NAD-ME,91.27113401,25.26234904,d,100.7,31.55051231,91.27113401,91.27113401,1800,41
Pole,4,NAD-ME,152.8123977,29.93275817,d,100.7,31.5921936,152.8123977,152.8123977,1800,41
Pole,4,NAD-ME,249.8721773,32.457854,d,100.7,31.55876732,249.8721773,249.8721773,1800,41
Pole,4,NAD-ME,308.4254957,34.23832791,d,100.7,31.46604538,308.4254957,308.4254957,1800,41
Pole,4,NAD-ME,539.5437616,35.30407975,d,100.7,31.67963982,539.5437616,539.5437616,1800,41
Pole,4,NAD-ME,938.4904901,36.85569175,d,100.7,31.6988163,938.4904901,938.4904901,1800,41
Pole,4,NAD-ME,1537.275486,39.9698094,d,100.7,31.184515,1537.275486,1537.275486,1800,41
Pole,5,NAD-ME,11.54656506,2.239536836,d,101.5,30.41431046,11.54656506,11.54656506,1800,42
Pole,5,NAD-ME,14.18298684,4.673696689,d,101.5,30.32704353,14.18298684,14.18298684,1800,42
Pole,5,NAD-ME,17.73943679,7.141554119,d,101.5,30.24771118,17.73943679,17.73943679,1800,42
Pole,5,NAD-ME,20.8155213,10.07891124,d,101.5,30.18422127,20.8155213,20.8155213,1800,42
Pole,5,NAD-ME,24.10350117,12.88720373,d,101.5,30.13788033,24.10350117,24.10350117,1800,42
Pole,5,NAD-ME,32.17175204,18.9262021,d,101.5,30.12260628,32.17175204,32.17175204,1800,42
Pole,5,NAD-ME,40.28111467,23.81856463,d,101.5,30.14575005,40.28111467,40.28111467,1800,42
Pole,5,NAD-ME,57.09579341,31.98390904,d,101.5,30.2059021,57.09579341,57.09579341,1800,42
Pole,5,NAD-ME,72.69317279,36.17561327,d,101.5,30.31192207,72.69317279,72.69317279,1800,42
Pole,5,NAD-ME,107.2844758,41.25753137,d,101.5,30.43226814,107.2844758,107.2844758,1800,42
Pole,5,NAD-ME,114.696767,35.30146633,d,101.5,30.63718224,114.696767,114.696767,1800,42
Pole,5,NAD-ME,125.5797032,42.74379709,d,101.5,30.77937698,125.5797032,125.5797032,1800,42
Pole,5,NAD-ME,190.4839099,30.48385691,d,101.5,30.74520874,190.4839099,190.4839099,1800,42
Pole,5,NAD-ME,459.2038606,39.82717972,d,101.5,30.70171547,459.2038606,459.2038606,1800,42
Pole,5,NAD-ME,956.5897671,47.48203454,d,101.5,30.52356911,956.5897671,956.5897671,1800,42
Svir,1,NADP-ME,4.34020338,0.560168927,e,99.85,30.29672623,4.34020338,4.34020338,1800,43
Svir,1,NADP-ME,6.895832191,2.304194292,e,99.85,30.27760315,6.895832191,6.895832191,1800,43
Svir,1,NADP-ME,10.46124087,4.571034652,e,99.85,30.26491356,10.46124087,10.46124087,1800,43
Svir,1,NADP-ME,14.20201165,6.734055364,e,99.85,30.24101448,14.20201165,14.20201165,1800,43
Svir,1,NADP-ME,17.9119022,8.833315657,e,99.85,30.22604942,17.9119022,17.9119022,1800,43
Svir,1,NADP-ME,22.01875915,10.67940885,e,99.85,30.21007347,22.01875915,22.01875915,1800,43
Svir,1,NADP-ME,29.20414651,14.76857496,e,99.85,30.19341469,29.20414651,29.20414651,1800,43
Svir,1,NADP-ME,35.31524467,18.86871334,e,99.85,30.16965866,35.31524467,35.31524467,1800,43
Svir,1,NADP-ME,41.27615646,22.52301413,e,99.85,30.16197395,41.27615646,41.27615646,1800,43
Svir,1,NADP-ME,53.88795096,28.82819999,e,99.85,30.1575737,53.88795096,53.88795096,1800,43
Svir,1,NADP-ME,74.02902037,34.37967826,e,99.85,30.15976715,74.02902037,74.02902037,1800,43
Svir,1,NADP-ME,122.7378397,39.21336367,e,99.85,30.15070724,122.7378397,122.7378397,1800,43
Svir,1,NADP-ME,172.7283023,41.80353369,e,99.85,30.14499283,172.7283023,172.7283023,1800,43
Svir,1,NADP-ME,175.1377397,40.44952532,e,99.85,30.13293839,175.1377397,175.1377397,1800,43
Svir,1,NADP-ME,365.5395498,41.72678608,e,99.85,30.12484169,365.5395498,365.5395498,1800,43
Svir,1,NADP-ME,684.2442191,43.0401265,e,99.85,30.08015633,684.2442191,684.2442191,1800,43
Svir,1,NADP-ME,1241.594621,45.62307747,e,99.85,30.07779884,1241.594621,1241.594621,1800,43
Svir,2,NADP-ME,6.483248407,3.022940066,e,99.8,30.38768578,6.483248407,6.483248407,1800,44
Svir,2,NADP-ME,8.914688732,4.879884986,e,99.8,30.39352226,8.914688732,8.914688732,1800,44
Svir,2,NADP-ME,12.68725374,7.009687574,e,99.8,30.38024521,12.68725374,12.68725374,1800,44
Svir,2,NADP-ME,15.39647325,9.639782381,e,99.8,30.37374115,15.39647325,15.39647325,1800,44
Svir,2,NADP-ME,18.52734084,11.85046249,e,99.8,30.562006,18.52734084,18.52734084,1800,44
Svir,2,NADP-ME,21.50495351,14.26338817,e,99.8,30.56000519,21.50495351,21.50495351,1800,44
Svir,2,NADP-ME,27.12866178,19.24903437,e,99.8,30.52472687,27.12866178,27.12866178,1800,44
Svir,2,NADP-ME,34.16598359,23.92060658,e,99.8,30.37532806,34.16598359,34.16598359,1800,44
Svir,2,NADP-ME,40.15185072,27.70057508,e,99.8,30.38064766,40.15185072,40.15185072,1800,44
Svir,2,NADP-ME,54.56968843,34.06516655,e,99.8,30.40556717,54.56968843,54.56968843,1800,44
Svir,2,NADP-ME,73.73469633,39.40749283,e,99.8,30.45782852,73.73469633,73.73469633,1800,44
Svir,2,NADP-ME,122.5286424,42.87444916,e,99.8,30.51074791,122.5286424,122.5286424,1800,44
Svir,2,NADP-ME,177.8552094,43.69857663,e,99.8,30.56233215,177.8552094,177.8552094,1800,44
Svir,2,NADP-ME,188.2777766,45.0732192,e,99.8,30.59046173,188.2777766,188.2777766,1800,44
Svir,2,NADP-ME,382.6876417,44.76823639,e,99.8,30.91600418,382.6876417,382.6876417,1800,44
Svir,2,NADP-ME,739.9563862,46.07704357,e,99.8,30.87818146,739.9563862,739.9563862,1800,44
Svir,2,NADP-ME,1317.53979,49.20132862,e,99.8,30.75746155,1317.53979,1317.53979,1800,44
Svir,4,NADP-ME,11.86049252,6.388568752,e,99.25,30.92576218,11.86049252,11.86049252,1800,45
Svir,4,NADP-ME,12.67924763,7.927865173,e,99.25,31.05919838,12.67924763,12.67924763,1800,45
Svir,4,NADP-ME,17.03439941,9.525978872,e,99.25,30.9045372,17.03439941,17.03439941,1800,45
Svir,4,NADP-ME,18.60685976,11.80534267,e,99.25,30.88518333,18.60685976,18.60685976,1800,45
Svir,4,NADP-ME,23.80848375,12.89970191,e,99.25,30.86646461,23.80848375,23.80848375,1800,45
Svir,4,NADP-ME,26.89579584,14.65236021,e,99.25,30.86882591,26.89579584,26.89579584,1800,45
Svir,4,NADP-ME,31.34650313,19.06554944,e,99.25,30.86698341,31.34650313,31.34650313,1800,45
Svir,4,NADP-ME,34.83962641,23.61003725,e,99.25,30.84698105,34.83962641,34.83962641,1800,45
Svir,4,NADP-ME,38.68666,27.67650938,e,99.25,30.82897758,38.68666,38.68666,1800,45
Svir,4,NADP-ME,46.76401822,34.81036684,e,99.25,30.82945251,46.76401822,46.76401822,1800,45
Svir,4,NADP-ME,62.43951707,40.84659888,e,99.25,30.84646225,62.43951707,62.43951707,1800,45
Svir,4,NADP-ME,97.26336599,45.67946776,e,99.25,30.82893944,97.26336599,97.26336599,1800,45
Svir,4,NADP-ME,132.5427246,49.08663437,e,99.25,30.82230759,132.5427246,132.5427246,1800,45
Svir,4,NADP-ME,145.6652745,47.49924974,e,99.25,30.78882599,145.6652745,145.6652745,1800,45
Svir,4,NADP-ME,310.6561275,49.31800888,e,99.25,30.74944115,310.6561275,310.6561275,1800,45
Svir,4,NADP-ME,575.0296992,50.37236676,e,99.25,30.76080132,575.0296992,575.0296992,1800,45
Svir,4,NADP-ME,1069.894561,54.77317921,e,99.25,30.73042107,1069.894561,1069.894561,1800,45
Svir,5,NADP-ME,7.041488071,0.037341826,e,99.05,31.32125854,7.041488071,7.041488071,1800,46
Svir,5,NADP-ME,10.45846789,1.600673013,e,99.05,31.24829102,10.45846789,10.45846789,1800,46
Svir,5,NADP-ME,15.06757444,3.713452091,e,99.05,31.23053932,15.06757444,15.06757444,1800,46
Svir,5,NADP-ME,19.93500909,5.679006794,e,99.05,31.22196007,19.93500909,19.93500909,1800,46
Svir,5,NADP-ME,24.92257911,7.547967574,e,99.05,31.22060585,24.92257911,24.92257911,1800,46
Svir,5,NADP-ME,28.4186371,9.690531185,e,99.05,31.21032906,28.4186371,28.4186371,1800,46
Svir,5,NADP-ME,36.75231052,13.64875607,e,99.05,31.20098877,36.75231052,36.75231052,1800,46
Svir,5,NADP-ME,45.8194387,16.93290224,e,99.05,31.19249153,45.8194387,45.8194387,1800,46
Svir,5,NADP-ME,53.22948301,20.09699813,e,99.05,31.19714928,53.22948301,53.22948301,1800,46
Svir,5,NADP-ME,67.78059256,26.20432256,e,99.05,31.17881012,67.78059256,67.78059256,1800,46
Svir,5,NADP-ME,86.23941067,31.92940076,e,99.05,31.18592072,86.23941067,86.23941067,1800,46
Svir,5,NADP-ME,133.1162149,37.97262615,e,99.05,31.18479919,133.1162149,133.1162149,1800,46
Svir,5,NADP-ME,185.4431508,41.66985318,e,99.05,31.32823372,185.4431508,185.4431508,1800,46
Svir,5,NADP-ME,187.4149019,39.89788073,e,99.05,31.16893578,187.4149019,187.4149019,1800,46
Svir,5,NADP-ME,404.6134288,41.38499599,e,99.05,31.15409851,404.6134288,404.6134288,1800,46
Svir,5,NADP-ME,749.9602278,43.24583958,e,99.05,31.1527462,749.9602278,749.9602278,1800,46
Svir,5,NADP-ME,1303.107263,46.73981976,e,99.05,31.11897469,1303.107263,1303.107263,1800,46
Svir ,3,NADP-ME,4.599177959,0.730871662,e,99.4,30.24817085,4.599177959,4.599177959,1800,47
Svir ,3,NADP-ME,6.029031583,2.436608394,e,99.4,30.51890945,6.029031583,6.029031583,1800,47
Svir ,3,NADP-ME,9.619048565,4.382009667,e,99.4,30.50485229,9.619048565,9.619048565,1800,47
Svir ,3,NADP-ME,12.09541087,6.578719393,e,99.4,30.4864502,12.09541087,12.09541087,1800,47
Svir ,3,NADP-ME,14.56255969,8.740220943,e,99.4,30.46106339,14.56255969,14.56255969,1800,47
Svir ,3,NADP-ME,17.32505681,10.61134077,e,99.4,30.43752098,17.32505681,17.32505681,1800,47
Svir ,3,NADP-ME,25.48249141,14.60506372,e,99.4,30.1077137,25.48249141,25.48249141,1800,47
Svir ,3,NADP-ME,27.86365965,18.1097881,e,99.4,30.42433167,27.86365965,27.86365965,1800,47
Svir ,3,NADP-ME,32.04960969,21.37840434,e,99.4,30.41628456,32.04960969,32.04960969,1800,47
Svir ,3,NADP-ME,44.65383163,27.97866609,e,99.4,30.06568909,44.65383163,44.65383163,1800,47
Svir ,3,NADP-ME,56.59343366,32.72918762,e,99.4,30.30972672,56.59343366,56.59343366,1800,47
Svir ,3,NADP-ME,97.81582232,37.90864102,e,99.4,30.30409431,97.81582232,97.81582232,1800,47
Svir ,3,NADP-ME,140.19791,39.15948525,e,99.4,30.47769737,140.19791,140.19791,1800,47
Svir ,3,NADP-ME,141.6653775,41.51807993,e,99.4,30.48565674,141.6653775,141.6653775,1800,47
Svir ,3,NADP-ME,319.9600571,40.25259986,e,99.4,30.48033333,319.9600571,319.9600571,1800,47
Svir ,3,NADP-ME,621.7896834,41.90747687,e,99.4,30.45463753,621.7896834,621.7896834,1800,47
Svir ,3,NADP-ME,1110.379984,45.23854068,e,99.4,30.284832,1110.379984,1110.379984,1800,47
Tport,1,NADP-ME,3.438641814,2.487792418,f,101.2,29.89366913,3.438641814,3.438641814,1800,48
Tport,1,NADP-ME,5.451400426,5.37377339,f,101.2,29.8738842,5.451400426,5.451400426,1800,48
Tport,1,NADP-ME,7.678976724,7.952579239,f,101.2,29.87577057,7.678976724,7.678976724,1800,48
Tport,1,NADP-ME,10.26212653,10.34412478,f,101.2,29.93361092,10.26212653,10.26212653,1800,48
Tport,1,NADP-ME,12.99812619,12.68415923,f,101.2,29.92901421,12.99812619,12.99812619,1800,48
Tport,1,NADP-ME,20.60477767,18.33376805,f,101.2,29.91788101,20.60477767,20.60477767,1800,48
Tport,1,NADP-ME,28.28324388,23.91230758,f,101.2,29.89329338,28.28324388,28.28324388,1800,48
Tport,1,NADP-ME,48.00942052,33.40524944,f,101.2,29.88346672,48.00942052,48.00942052,1800,48
Tport,1,NADP-ME,79.02638811,38.83068355,f,101.2,29.85437965,79.02638811,79.02638811,1800,48
Tport,1,NADP-ME,169.1766556,39.9889938,f,101.2,29.89376068,169.1766556,169.1766556,1800,48
Tport,1,NADP-ME,225.3117945,40.15447099,f,101.2,29.91754913,225.3117945,225.3117945,1800,48
Tport,1,NADP-ME,260.7733418,40.59673314,f,101.2,29.93206787,260.7733418,260.7733418,1800,48
Tport,1,NADP-ME,536.1560864,42.46703511,f,101.2,29.93949318,536.1560864,536.1560864,1800,48
Tport,1,NADP-ME,911.0121891,43.4567147,f,101.2,29.96208763,911.0121891,911.0121891,1800,48
Tport,1,NADP-ME,1287.135849,43.66015436,f,101.2,29.9452877,1287.135849,1287.135849,1800,48
Tport,2,NADP-ME,3.968368362,1.890964924,f,101,29.92513847,3.968368362,3.968368362,1800,49
Tport,2,NADP-ME,5.963722916,4.156527507,f,101,29.74487686,5.963722916,5.963722916,1800,49
Tport,2,NADP-ME,9.873793493,6.347806174,f,101,29.88754845,9.873793493,9.873793493,1800,49
Tport,2,NADP-ME,13.07744311,8.568104307,f,101,29.92277145,13.07744311,13.07744311,1800,49
Tport,2,NADP-ME,15.34367036,10.60917261,f,101,29.79897118,15.34367036,15.34367036,1800,49
Tport,2,NADP-ME,22.87212209,15.42166121,f,101,29.89359474,22.87212209,22.87212209,1800,49
Tport,2,NADP-ME,32.47130887,20.35470006,f,101,29.9329319,32.47130887,32.47130887,1800,49
Tport,2,NADP-ME,51.83988534,28.82575273,f,101,29.9343338,51.83988534,51.83988534,1800,49
Tport,2,NADP-ME,79.77135208,35.84549764,f,101,30.02443695,79.77135208,79.77135208,1800,49
Tport,2,NADP-ME,153.4379266,40.5323292,f,101,29.96492004,153.4379266,153.4379266,1800,49
Tport,2,NADP-ME,194.7623242,43.91085343,f,101,29.93394661,194.7623242,194.7623242,1800,49
Tport,2,NADP-ME,231.2930472,42.05611783,f,101,29.97409058,231.2930472,231.2930472,1800,49
Tport,2,NADP-ME,500.9895124,44.24903284,f,101,29.92325592,500.9895124,500.9895124,1800,49
Tport,2,NADP-ME,878.5165477,45.6658717,f,101,29.96387672,878.5165477,878.5165477,1800,49
Tport,2,NADP-ME,1240.263472,46.85595813,f,101,30.14143372,1240.263472,1240.263472,1800,49
Tport,3,NADP-ME,1.893521354,2.030019094,f,100.7,29.86976433,1.893521354,1.893521354,1800,50
Tport,3,NADP-ME,3.959750774,4.685201523,f,100.7,29.85087204,3.959750774,3.959750774,1800,50
Tport,3,NADP-ME,6.375614558,7.054155422,f,100.7,29.86878967,6.375614558,6.375614558,1800,50
Tport,3,NADP-ME,8.528613521,9.435612331,f,100.7,29.8589344,8.528613521,8.528613521,1800,50
Tport,3,NADP-ME,11.15909128,11.65392306,f,100.7,29.87987137,11.15909128,11.15909128,1800,50
Tport,3,NADP-ME,18.43134474,16.8379699,f,100.7,29.89292717,18.43134474,18.43134474,1800,50
Tport,3,NADP-ME,26.16610883,21.84781546,f,100.7,29.87252617,26.16610883,26.16610883,1800,50
Tport,3,NADP-ME,47.26943511,30.14893591,f,100.7,29.86227417,47.26943511,47.26943511,1800,50
Tport,3,NADP-ME,78.31223068,35.23743501,f,100.7,29.88131523,78.31223068,78.31223068,1800,50
Tport,3,NADP-ME,166.8985605,36.95431642,f,100.7,29.89471245,166.8985605,166.8985605,1800,50
Tport,3,NADP-ME,178.1445481,38.85668416,f,100.7,29.89904213,178.1445481,178.1445481,1800,50
Tport,3,NADP-ME,260.1232774,37.77110691,f,100.7,29.89309692,260.1232774,260.1232774,1800,50
Tport,3,NADP-ME,540.2514651,39.14777601,f,100.7,29.89472961,540.2514651,540.2514651,1800,50
Tport,3,NADP-ME,919.4704523,39.87189596,f,100.7,29.93180275,919.4704523,919.4704523,1800,50
Tport,3,NADP-ME,1293.604911,40.28645612,f,100.7,29.98767281,1293.604911,1293.604911,1800,50
Tport,4,NADP-ME,7.757528946,1.78464718,f,99.45,31.12257385,7.757528946,7.757528946,1800,51
Tport,4,NADP-ME,9.712562708,3.866035933,f,99.45,31.14782143,9.712562708,9.712562708,1800,51
Tport,4,NADP-ME,12.79320472,5.651417709,f,99.45,31.04492188,12.79320472,12.79320472,1800,51
Tport,4,NADP-ME,16.4160461,7.375399478,f,99.45,31.00893593,16.4160461,16.4160461,1800,51
Tport,4,NADP-ME,20.46164897,9.13473727,f,99.45,30.99590874,20.46164897,20.46164897,1800,51
Tport,4,NADP-ME,30.65930252,13.09629334,f,99.45,30.98008919,30.65930252,30.65930252,1800,51
Tport,4,NADP-ME,39.70695042,17.30940123,f,99.45,30.94626808,39.70695042,39.70695042,1800,51
Tport,4,NADP-ME,60.47138295,24.5239154,f,99.45,30.93064499,60.47138295,60.47138295,1800,51
Tport,4,NADP-ME,83.22083717,31.04375499,f,99.45,30.92479134,83.22083717,83.22083717,1800,51
Tport,4,NADP-ME,151.6617672,37.90401663,f,99.45,30.92941475,151.6617672,151.6617672,1800,51
Tport,4,NADP-ME,164.9064637,39.83584038,f,99.45,30.93068886,164.9064637,164.9064637,1800,51
Tport,4,NADP-ME,237.6152159,40.38180122,f,99.45,30.94359589,237.6152159,237.6152159,1800,51
Tport,4,NADP-ME,513.3112068,43.07738967,f,99.45,30.97632599,513.3112068,513.3112068,1800,51
Tport,4,NADP-ME,884.1189669,44.36000723,f,99.45,31.04316711,884.1189669,884.1189669,1800,51
Tport,4,NADP-ME,1239.943493,44.97286403,f,99.45,31.1616745,1239.943493,1239.943493,1800,51
Tport,5,NADP-ME,3.532051695,2.626314771,f,100.45,29.8628006,3.532051695,3.532051695,1800,52
Tport,5,NADP-ME,6.154967377,5.564035119,f,100.45,29.88913155,6.154967377,6.154967377,1800,52
Tport,5,NADP-ME,9.792731213,8.043056326,f,100.45,29.85603523,9.792731213,9.792731213,1800,52
Tport,5,NADP-ME,13.8331513,10.5050142,f,100.45,29.87333679,13.8331513,13.8331513,1800,52
Tport,5,NADP-ME,18.04874335,12.84095237,f,100.45,29.862957,18.04874335,18.04874335,1800,52
Tport,5,NADP-ME,30.5822969,17.53310952,f,100.45,29.85219002,30.5822969,30.5822969,1800,52
Tport,5,NADP-ME,43.76214012,21.76978819,f,100.45,29.8706913,43.76214012,43.76214012,1800,52
Tport,5,NADP-ME,74.88845554,28.06747128,f,100.45,29.90095329,74.88845554,74.88845554,1800,52
Tport,5,NADP-ME,111.2902064,32.15962081,f,100.45,29.90597343,111.2902064,111.2902064,1800,52
Tport,5,NADP-ME,194.0634745,35.38148263,f,100.45,29.90975761,194.0634745,194.0634745,1800,52
Tport,5,NADP-ME,237.9294948,41.89102811,f,100.45,29.91935921,237.9294948,237.9294948,1800,52
Tport,5,NADP-ME,275.7673711,37.19269387,f,100.45,30.02407837,275.7673711,275.7673711,1800,52
Tport,5,NADP-ME,554.2241843,39.30956058,f,100.45,29.89798546,554.2241843,554.2241843,1800,52
Tport,5,NADP-ME,915.6427155,41.87377668,f,100.45,29.86637878,915.6427155,915.6427155,1800,52
Tport,5,NADP-ME,1283.81333,42.21976366,f,100.45,29.91747665,1283.81333,1283.81333,1800,52
Zpent,1,NAD-ME,8.337217945,0.768774321,f,100.7,29.86419678,8.337217945,8.337217945,1800,53
Zpent,1,NAD-ME,9.910075708,3.108804308,f,100.7,29.85182381,9.910075708,9.910075708,1800,53
Zpent,1,NAD-ME,11.70235067,5.442509541,f,100.7,29.87961769,11.70235067,11.70235067,1800,53
Zpent,1,NAD-ME,15.17158858,7.543953896,f,100.7,29.94240761,15.17158858,15.17158858,1800,53
Zpent,1,NAD-ME,18.16836725,9.795581231,f,100.7,29.96731949,18.16836725,18.16836725,1800,53
Zpent,1,NAD-ME,27.84273722,14.40225695,f,100.7,29.97901154,27.84273722,27.84273722,1800,53
Zpent,1,NAD-ME,37.76352226,19.24932179,f,100.7,29.9522419,37.76352226,37.76352226,1800,53
Zpent,1,NAD-ME,59.9475358,27.26815443,f,100.7,29.94768715,59.9475358,59.9475358,1800,53
Zpent,1,NAD-ME,95.2507911,31.40331767,f,100.7,29.96375847,95.2507911,95.2507911,1800,53
Zpent,1,NAD-ME,179.7641842,34.553804,f,100.7,29.98228073,179.7641842,179.7641842,1800,53
Zpent,1,NAD-ME,223.939776,37.31321317,f,100.7,30.00745583,223.939776,223.939776,1800,53
Zpent,1,NAD-ME,271.2415277,35.9004838,f,100.7,30.03022575,271.2415277,271.2415277,1800,53
Zpent,1,NAD-ME,547.4548277,38.14082324,f,100.7,30.0512104,547.4548277,547.4548277,1800,53
Zpent,1,NAD-ME,911.7688734,40.52537561,f,100.7,30.0640583,911.7688734,911.7688734,1800,53
Zpent,1,NAD-ME,1264.692139,41.7971555,f,100.7,30.0855751,1264.692139,1264.692139,1800,53
Zpent,2,NAD-ME,7.093848276,0.981868981,f,100.7,29.99495506,7.093848276,7.093848276,1800,54
Zpent,2,NAD-ME,7.447899561,3.774807628,f,100.7,30.01040649,7.447899561,7.447899561,1800,54
Zpent,2,NAD-ME,9.215210387,6.327342441,f,100.7,30.03023911,9.215210387,9.215210387,1800,54
Zpent,2,NAD-ME,11.56819224,8.924063055,f,100.7,30.03593826,11.56819224,11.56819224,1800,54
Zpent,2,NAD-ME,15.16763779,11.12052218,f,100.7,30.03764534,15.16763779,15.16763779,1800,54
Zpent,2,NAD-ME,24.55393713,15.83535071,f,100.7,30.0316925,24.55393713,24.55393713,1800,54
Zpent,2,NAD-ME,36.00488765,19.71230702,f,100.7,30.02962685,36.00488765,36.00488765,1800,54
Zpent,2,NAD-ME,63.53678302,25.21121034,f,100.7,30.03728104,63.53678302,63.53678302,1800,54
Zpent,2,NAD-ME,96.98640021,28.44241804,f,100.7,30.06107521,96.98640021,96.98640021,1800,54
Zpent,2,NAD-ME,178.7611553,30.47181573,f,100.7,30.06814766,178.7611553,178.7611553,1800,54
Zpent,2,NAD-ME,238.392507,35.38614013,f,100.7,30.07416534,238.392507,238.392507,1800,54
Zpent,2,NAD-ME,263.3240855,31.82304246,f,100.7,30.08342361,263.3240855,263.3240855,1800,54
Zpent,2,NAD-ME,531.5548696,34.23885042,f,100.7,30.04886055,531.5548696,531.5548696,1800,54
Zpent,2,NAD-ME,879.7931923,36.50470903,f,100.7,30.07536507,879.7931923,879.7931923,1800,54
Zpent,2,NAD-ME,1187.460011,38.12418724,f,100.7,30.11012077,1187.460011,1187.460011,1800,54
Zpent,3,NAD-ME,12.90972681,2.227748049,f,100.8,30.12076569,12.90972681,12.90972681,1800,55
Zpent,3,NAD-ME,15.19345546,4.643907239,f,100.8,30.05195999,15.19345546,15.19345546,1800,55
Zpent,3,NAD-ME,19.38374267,6.660368117,f,100.8,30.04508018,19.38374267,19.38374267,1800,55
Zpent,3,NAD-ME,23.05859959,8.659595968,f,100.8,30.04106712,23.05859959,23.05859959,1800,55
Zpent,3,NAD-ME,32.98346764,13.24273657,f,100.8,30.06793022,32.98346764,32.98346764,1800,55
Zpent,3,NAD-ME,44.02284011,17.33279824,f,100.8,30.07025719,44.02284011,44.02284011,1800,55
Zpent,3,NAD-ME,65.91811973,25.06878863,f,100.8,30.08960724,65.91811973,65.91811973,1800,55
Zpent,3,NAD-ME,89.6803569,31.56320623,f,100.8,30.08957863,89.6803569,89.6803569,1800,55
Zpent,3,NAD-ME,149.9207941,38.80299321,f,100.8,30.09246445,149.9207941,149.9207941,1800,55
Zpent,3,NAD-ME,193.711975,45.09666965,f,100.8,30.09208488,193.711975,193.711975,1800,55
Zpent,3,NAD-ME,221.1344132,41.58715412,f,100.8,30.10309601,221.1344132,221.1344132,1800,55
Zpent,3,NAD-ME,471.0033901,45.73758732,f,100.8,30.11334229,471.0033901,471.0033901,1800,55
Zpent,3,NAD-ME,792.7991476,48.6421246,f,100.8,30.12196541,792.7991476,792.7991476,1800,55
Zpent,3,NAD-ME,1077.835962,50.85420374,f,100.8,30.14045715,1077.835962,1077.835962,1800,55
Zpent,4,NAD-ME,11.36382625,2.711039614,f,100.9,29.83852005,11.36382625,11.36382625,1800,56
Zpent,4,NAD-ME,13.29914744,5.228063799,f,100.9,29.96832466,13.29914744,13.29914744,1800,56
Zpent,4,NAD-ME,16.39428887,7.544364946,f,100.9,29.94515228,16.39428887,16.39428887,1800,56
Zpent,4,NAD-ME,19.97603985,9.701228386,f,100.9,29.93661118,19.97603985,19.97603985,1800,56
Zpent,4,NAD-ME,29.54185596,14.41971132,f,100.9,29.93746376,29.54185596,29.54185596,1800,56
Zpent,4,NAD-ME,39.33189602,18.56307491,f,100.9,29.94578552,39.33189602,39.33189602,1800,56
Zpent,4,NAD-ME,64.18901852,25.20929097,f,100.9,29.95846176,64.18901852,64.18901852,1800,56
Zpent,4,NAD-ME,97.35977287,29.03707372,f,100.9,29.96476936,97.35977287,97.35977287,1800,56
Zpent,4,NAD-ME,177.3830177,31.70732069,f,100.9,29.95318985,177.3830177,177.3830177,1800,56
Zpent,4,NAD-ME,221.994641,39.81338559,f,100.9,29.97178841,221.994641,221.994641,1800,56
Zpent,4,NAD-ME,258.597921,32.71007391,f,100.9,30.00438499,258.597921,258.597921,1800,56
Zpent,4,NAD-ME,509.8809139,35.85253813,f,100.9,30.02395439,509.8809139,509.8809139,1800,56
Zpent,4,NAD-ME,825.8616004,38.38241731,f,100.9,30.05716896,825.8616004,825.8616004,1800,56
Zpent,4,NAD-ME,1085.231473,40.39061876,f,100.9,30.08151054,1085.231473,1085.231473,1800,56
Zpent,5,NAD-ME,6.511499207,1.034739212,f,101.05,29.98410797,6.511499207,6.511499207,1800,57
Zpent,5,NAD-ME,8.183088912,3.816793268,f,101.05,29.93407822,8.183088912,8.183088912,1800,57
Zpent,5,NAD-ME,10.85654293,6.475823949,f,101.05,29.86249352,10.85654293,10.85654293,1800,57
Zpent,5,NAD-ME,13.53331414,9.015852114,f,101.05,29.86711311,13.53331414,13.53331414,1800,57
Zpent,5,NAD-ME,17.3533889,10.64651745,f,101.05,29.91158676,17.3533889,17.3533889,1800,57
Zpent,5,NAD-ME,25.86296983,14.67059052,f,101.05,29.95005989,25.86296983,25.86296983,1800,57
Zpent,5,NAD-ME,35.75859233,18.48724976,f,101.05,30.02279472,35.75859233,35.75859233,1800,57
Zpent,5,NAD-ME,59.51567975,25.12092119,f,101.05,30.06189919,59.51567975,59.51567975,1800,57
Zpent,5,NAD-ME,91.75083054,29.12057523,f,101.05,30.07469368,91.75083054,91.75083054,1800,57
Zpent,5,NAD-ME,171.4158983,31.72094618,f,101.05,30.09352875,171.4158983,171.4158983,1800,57
Zpent,5,NAD-ME,229.939517,37.74209192,f,101.05,30.11971664,229.939517,229.939517,1800,57
Zpent,5,NAD-ME,249.3209585,32.73101905,f,101.05,30.12702179,249.3209585,249.3209585,1800,57
Zpent,5,NAD-ME,489.6534703,35.02476869,f,101.05,30.14103127,489.6534703,489.6534703,1800,57
Zpent,5,NAD-ME,739.8146579,36.77999316,f,101.05,30.14019775,739.8146579,739.8146579,1800,57
Zpent,5,NAD-ME,839.597734,37.24065072,f,101.05,30.114048,839.597734,839.597734,1800,57
